Date,Sleep_Duration,Mood_Score,Caffeine_Intake_mg,Exercise_Minutes,Screen_Time_Hours,Stress_Level,Water_Intake_Liters,Alcohol_Consumed,Journaled
2023-01-01,7.745071229516849,7.0,231.0,86.0,4.796273211268685,8.0,2.9727863832517287,Yes,Yes
2023-01-02,6.792603548243223,1.0,212.0,88.0,6.448820942867059,,2.4071497990186126,No,No
2023-01-03,7.971532807151039,8.0,78.0,119.0,5.020343803445441,1.0,1.236840774499072,Yes,Yes
2023-01-04,9.284544784612038,3.0,213.0,71.0,5.795610903500942,4.0,2.2413978173775106,,No
2023-01-05,6.648769937914996,6.0,,44.0,5.583522885067094,9.0,,No,No
2023-01-06,6.648794564576229,9.0,91.0,85.0,4.150029253246701,1.0,2.6082877245417264,Yes,No
2023-01-07,9.368819223261088,6.0,269.0,58.0,,2.0,3.363250292757128,No,Yes
2023-01-08,8.151152093729364,9.0,380.0,3.0,6.431904835367802,9.0,,Yes,No
2023-01-09,6.295788421097572,7.0,167.0,103.0,7.055389187002957,,2.5452347218263727,No,Yes
2023-01-10,7.8138400653789475,9.0,57.0,66.0,5.640454370998692,3.0,1.332990563975851,No,Yes
2023-01-11,6.304873460781307,2.0,283.0,28.0,,,2.543873235113385,,Yes
2023-01-12,6.301405369644614,8.0,,104.0,8.418772133115404,3.0,2.5628993140393677,No,Yes
,7.362943407349051,8.0,368.0,28.0,4.474887532865148,9.0,2.975190709368339,Yes,
2023-01-14,4.130079633013303,2.0,65.0,97.0,5.728134057136829,6.0,2.4865631147194187,Yes,No
2023-01-15,4.412623251230451,4.0,247.0,97.0,6.270762717644538,3.0,2.546562791772476,No,No
2023-01-16,6.1565687061385415,7.0,253.0,27.0,5.714843432435238,9.0,2.057557469479059,Yes,
2023-01-17,5.480753319498364,4.0,386.0,76.0,6.830834042460548,1.0,2.2816686118237848,Yes,No
2023-01-18,7.471370998892911,,43.0,78.0,7.146755844632997,10.0,2.8592626987706278,Yes,Yes
2023-01-19,5.637963886718183,6.0,96.0,86.0,,,1.0940613986995498,No,Yes
,4.881544447997063,10.0,41.0,43.0,8.250934683911295,,2.2778980040353227,,Yes
2023-01-21,9.19847315338233,6.0,226.0,89.0,4.46619289167747,2.0,2.981529977597137,Yes,
2023-01-22,6.661335549270197,10.0,261.0,3.0,5.673498097761577,8.0,3.6485102587038734,,No
2023-01-23,7.101292307031886,3.0,166.0,89.0,4.224643632791537,7.0,2.2211644891088342,Yes,Yes
2023-01-24,4.862877720679815,9.0,278.0,103.0,3.6530529546984196,2.0,3.329758846576651,No,No
2023-01-25,6.183425913212226,10.0,88.0,8.0,7.08838217758173,2.0,3.6830166917925604,No,No
2023-01-26,7.166383884564799,2.0,,118.0,11.243793794852088,9.0,2.2302323192561255,No,
2023-01-27,5.273509633866546,6.0,177.0,4.0,4.276480223359366,6.0,2.1092540270177262,Yes,
2023-01-28,7.563547027518508,,196.0,55.0,7.4306431493561576,,2.3725478709356516,Yes,No
2023-01-29,6.099041965121793,9.0,306.0,,,10.0,2.4426337504558333,No,Yes
,6.562459375310085,3.0,266.0,83.0,4.979030046287991,6.0,3.2635758674988637,No,Yes
2023-01-31,6.097440081655905,10.0,267.0,49.0,8.515167544463344,9.0,1.958392374343283,No,
2023-02-01,9.778417276763406,3.0,73.0,74.0,2.852929429849388,7.0,3.576645805273828,No,No
2023-02-02,6.979754162893099,7.0,,14.0,,10.0,1.9394697130916474,,Yes
2023-02-03,5.41343360656615,4.0,296.0,,4.825602702473701,,1.6149025562677055,No,No
2023-02-04,8.233817368154783,8.0,163.0,27.0,6.327312055875349,9.0,,Yes,Yes
2023-02-05,,7.0,84.0,21.0,5.927333143361763,4.0,3.3613923002084443,No,Yes
2023-02-06,7.313295392507133,,71.0,104.0,5.721358351385992,,2.625058836709039,No,No
2023-02-07,4.060494814180337,7.0,54.0,16.0,5.068263963023155,8.0,2.8045590785763914,No,Yes
2023-02-08,5.007720926652354,3.0,392.0,,6.573080053967839,4.0,3.868008066617718,Yes,Yes
2023-02-09,7.295291853803685,2.0,,89.0,-0.8273448840899444,9.0,3.3712569470747105,Yes,Yes
2023-02-10,,,398.0,107.0,3.4983893898245184,4.0,2.5216477924477494,Yes,No
2023-02-11,,2.0,237.0,70.0,4.812775181433104,8.0,2.1981971817726436,Yes,No
,6.826527576417639,3.0,103.0,105.0,6.4090695982050185,,3.26654120653697,No,No
2023-02-13,6.548344456616067,6.0,209.0,56.0,7.979530280137133,,3.080498739398121,Yes,
,4.782217014448859,5.0,41.0,25.0,3.2298005836657193,10.0,2.793003677862058,No,Yes
,5.920233687407937,8.0,315.0,24.0,7.914157251073135,4.0,2.2710904198045583,No,No
2023-02-16,6.309041843560319,9.0,267.0,9.0,4.094876661597274,1.0,2.446527254613217,No,No
2023-02-17,8.585683339328373,3.0,385.0,44.0,,3.0,2.396736304767361,No,No
2023-02-18,7.515427434352692,10.0,262.0,82.0,6.1628650375952265,9.0,2.2827418514930935,No,Yes
2023-02-19,4.355439766955899,3.0,335.0,10.0,4.593527841386454,4.0,2.0791963043828123,No,No
2023-02-20,7.486125954092192,3.0,386.0,76.0,7.220235213332636,5.0,2.6856390451638115,Yes,Yes
2023-02-21,6.422376579375525,,364.0,52.0,4.190791709773713,7.0,2.0475792929614594,Yes,No
2023-02-22,5.984616999541062,1.0,258.0,71.0,4.220930017439332,5.0,2.6241654196401276,Yes,Yes
2023-02-23,7.917514433261302,7.0,,,7.103959908418664,4.0,1.0300887374466674,Yes,Yes
2023-02-24,8.546499283743927,1.0,,67.0,3.4737512234646837,2.0,2.080088081979429,,No
2023-02-25,8.396920178674298,5.0,362.0,110.0,5.49785819063332,2.0,3.2688304404858335,No,Yes
2023-02-26,5.741173715166042,10.0,39.0,94.0,,4.0,1.8696995421748572,Yes,No
,6.5361814362231785,8.0,,27.0,8.63927870412238,10.0,2.9144713727302003,Yes,Yes
2023-02-28,7.496895147105346,4.0,128.0,74.0,7.41310387247355,10.0,1.927901374976846,Yes,Yes
2023-03-01,8.463317690683539,5.0,7.0,106.0,10.50021439916151,9.0,3.043049959755254,No,No
2023-03-02,6.281238643232065,4.0,100.0,64.0,,8.0,2.292023736961021,,Yes
2023-03-03,6.721511535004274,4.0,379.0,48.0,2.740699540799037,3.0,2.2643473769443,No,No
2023-03-04,5.340497538990958,,175.0,46.0,6.337299720321184,9.0,2.5380460349829117,Yes,No
2023-03-05,,,106.0,51.0,3.163982475556391,,1.5596011230148132,Yes,No
2023-03-06,8.218788733591296,1.0,100.0,,8.156075014106197,3.0,3.1804635731295225,Yes,Yes
2023-03-07,,3.0,259.0,87.0,2.7977194240448555,5.0,3.412403409061016,Yes,Yes
2023-03-08,6.891984817629499,9.0,365.0,53.0,2.7016902315204048,10.0,2.24797795210353,Yes,Yes
2023-03-09,8.505299346838036,4.0,245.0,59.0,1.7803770926066265,4.0,,No,No
2023-03-10,7.542454037571451,10.0,274.0,56.0,4.023240357473997,8.0,3.04523747614844,,No
2023-03-11,6.032320368092313,5.0,31.0,46.0,3.6210443504328573,5.0,2.43611971336786,No,
2023-03-12,7.5420934082626205,2.0,136.0,30.0,2.4767017883214693,10.0,1.7242269930974943,Yes,Yes
2023-03-13,9.307054849698954,4.0,11.0,104.0,8.979618208487048,8.0,3.615857492366291,No,
2023-03-14,6.946260941335073,2.0,394.0,45.0,6.059761392773289,9.0,2.225234806549841,No,Yes
2023-03-15,9.346965483721009,,301.0,113.0,5.824469079713423,4.0,2.0736056615503333,,No
2023-03-16,3.0703823438653837,4.0,374.0,25.0,8.178328838495853,7.0,3.647154351933748,No,Yes
2023-03-17,8.232853756562836,6.0,15.0,112.0,5.512515584085869,2.0,2.9270411372893426,Yes,No
2023-03-18,7.130570602357257,7.0,128.0,113.0,3.502639596989721,6.0,2.6802010532406095,Yes,Yes
2023-03-19,6.551488974301199,10.0,62.0,4.0,1.5995805149646865,8.0,1.8204675356182145,Yes,Yes
2023-03-20,,3.0,108.0,83.0,3.3898852153131926,7.0,3.0619628407492545,No,No
2023-03-21,4.018646628098661,,374.0,51.0,8.010831201016925,7.0,,Yes,No
2023-03-22,6.670492168243732,10.0,20.0,104.0,2.48932776862768,8.0,3.1163553647149778,Yes,No
2023-03-23,7.53566885726762,6.0,,74.0,5.706254475995753,7.0,2.847261947404795,Yes,Yes
2023-03-24,,,268.0,119.0,7.067850286171115,5.0,3.0047649575402673,Yes,No
2023-03-25,,2.0,161.0,53.0,5.570689680886503,7.0,2.2703192667820202,,
2023-03-26,5.787259595660219,8.0,259.0,32.0,5.797966657581167,10.0,2.263644489284796,No,Yes
2023-03-27,6.247364434623195,5.0,101.0,,6.311207825746853,3.0,2.2546881610346485,Yes,No
2023-03-28,8.373103176553112,1.0,222.0,37.0,5.7585617436452985,5.0,2.097535031229186,Yes,No
2023-03-29,7.493126664489527,3.0,,26.0,8.218148344946563,7.0,2.2532885939567877,Yes,No
2023-03-30,6.205359694349442,10.0,,,2.919416543544779,9.0,2.250024965425757,No,Yes
2023-03-31,7.769901149670034,8.0,127.0,14.0,5.480849753677572,2.0,2.328720843816108,No,Yes
2023-04-01,7.14561632402206,4.0,282.0,95.0,1.3635191320057047,4.0,2.3091253778939302,No,Yes
2023-04-02,8.452967485799334,7.0,,60.0,0.8525076256269255,7.0,2.6701082999067904,Yes,No
2023-04-03,5.946920359183972,10.0,,20.0,4.836657938296033,1.0,,No,
,6.508506780103348,2.0,130.0,,,,2.617153717458192,,
2023-04-05,6.411837770301764,,352.0,68.0,8.26133555447513,9.0,3.565608294341138,No,No
2023-04-06,4.804727577801822,5.0,,5.0,9.839583466020926,10.0,2.553713967101558,No,No
2023-04-07,,5.0,280.0,37.0,7.6397213413309615,7.0,4.047623694960547,No,Yes
2023-04-08,7.391582908269834,,153.0,61.0,,10.0,2.746882677875828,Yes,Yes
2023-04-09,7.0076701849636915,9.0,381.0,85.0,5.319929711547631,7.0,2.1869182863820136,Yes,No
2023-04-10,6.64811929993728,6.0,132.0,61.0,,6.0,,Yes,No
2023-04-11,4.876943886924378,8.0,226.0,81.0,4.707926788516403,3.0,2.444330912604261,Yes,Yes
,6.369032015851961,7.0,188.0,77.0,7.580753502516451,,0.8244210937861101,No,Yes
2023-04-13,6.485928225209846,9.0,264.0,73.0,6.796563712056081,3.0,2.4971978007153712,Yes,Yes
2023-04-14,5.796584096167572,4.0,371.0,45.0,2.4273317066341034,,2.3255769134392295,Yes,No
2023-04-15,6.758071432500986,2.0,133.0,12.0,6.228051294516961,6.0,3.6245831704018343,,Yes
,7.606076285221808,7.0,210.0,94.0,6.056785623735441,4.0,,No,Yes
2023-04-17,9.829278851815795,6.0,59.0,93.0,5.699780240229475,5.0,2.2671416273452096,Yes,Yes
,7.261866719247759,1.0,376.0,2.0,4.944288889245331,3.0,3.387347563242321,,No
2023-04-19,7.386325586084147,9.0,394.0,93.0,6.331167933888387,,2.7760859729069263,No,Yes
2023-04-20,6.888331126350749,9.0,363.0,5.0,6.394626077824797,3.0,2.3799802225188063,No,No
2023-04-21,4.121843177051438,2.0,363.0,92.0,3.717082469137189,8.0,1.9704600334688762,Yes,No
2023-04-22,6.960229186826175,3.0,212.0,7.0,5.910028122764191,9.0,2.7462220088125213,No,No
2023-04-23,,5.0,215.0,43.0,4.621209718505573,4.0,2.4794891997472117,Yes,Yes
2023-04-24,,5.0,225.0,108.0,2.025532264507514,9.0,1.9625195143549619,Yes,Yes
2023-04-25,6.711458552828316,1.0,130.0,106.0,,7.0,1.9989074210704945,Yes,Yes
2023-04-26,7.452321013500419,8.0,75.0,107.0,1.8726206293091496,3.0,1.9298695198884426,No,No
2023-04-27,6.947932345442135,8.0,285.0,32.0,6.9601870701402095,7.0,1.8052110703652844,No,Yes
,5.246982943570702,4.0,276.0,80.0,5.7117787551086385,1.0,3.153823631980635,Yes,No
2023-04-29,8.71423422177253,7.0,155.0,,4.28901877758811,3.0,3.0595753510343067,No,Yes
2023-04-30,8.127899549030161,10.0,247.0,74.0,7.841042686577296,6.0,3.154972119470055,No,Yes
2023-05-01,8.186547920564571,3.0,217.0,,5.135981815162333,4.0,2.5031496841379672,No,Yes
2023-05-02,5.635918817807892,6.0,189.0,49.0,2.137554488066251,7.0,2.3301598485398904,Yes,Yes
2023-05-03,,,162.0,10.0,4.121042919632378,3.0,2.3429325230760645,No,No
2023-05-04,4.8972234058115784,10.0,179.0,,8.265708374546584,1.0,3.214771101034276,No,No
2023-05-05,7.880285640700405,9.0,33.0,27.0,3.6610487498217132,9.0,1.2258965246029199,Yes,No
2023-05-06,10.285683438714969,1.0,40.0,107.0,,6.0,2.1398597276498044,No,No
2023-05-07,5.514195512303967,5.0,306.0,69.0,6.487753249029277,8.0,1.8788580607469079,Yes,Yes
2023-05-08,6.150553405595842,4.0,337.0,40.0,6.179896969109885,3.0,3.4519212826118855,No,No
2023-05-09,7.1494770476314615,8.0,313.0,15.0,9.898919597916201,8.0,2.165779733587017,No,No
2023-05-10,6.244786518825701,1.0,74.0,67.0,,2.0,1.354807815192158,No,No
2023-05-11,4.674004853400801,9.0,278.0,98.0,2.847073838934394,4.0,2.6563965495727526,No,
2023-05-12,7.102844462209041,6.0,175.0,47.0,2.680491105795734,,,No,
2023-05-13,5.406544429410843,4.0,383.0,55.0,4.40816315796623,10.0,2.1101498346205267,No,No
2023-05-14,7.710388645952772,9.0,149.0,63.0,7.198754776364902,1.0,2.0379776302919206,Yes,Yes
2023-05-15,5.620863648649295,5.0,272.0,58.0,2.9365308404069776,7.0,2.0103606545874353,No,Yes
2023-05-16,9.324901607526309,5.0,324.0,89.0,,10.0,2.995992220399651,No,No
2023-05-17,5.825120061495644,5.0,107.0,61.0,5.070253339855474,2.0,2.6566511565904904,No,No
2023-05-18,,1.0,138.0,75.0,2.7820066135781527,4.0,2.3614239710586293,Yes,Yes
2023-05-19,8.220275826054504,,349.0,10.0,,9.0,,Yes,No
,5.1537035253490675,8.0,270.0,,1.9448590123813476,6.0,,Yes,Yes
2023-05-21,7.341189901906194,8.0,346.0,88.0,3.6682931835321515,8.0,,No,No
2023-05-22,8.960714131423643,6.0,288.0,17.0,4.661697648513359,2.0,2.7090581137816434,No,
2023-05-23,4.588775148158159,4.0,,18.0,7.692125953460902,7.0,2.6126190680942383,Yes,No
2023-05-24,7.276950787798456,2.0,380.0,86.0,6.5981764243764776,6.0,1.8541851332207302,Yes,No
2023-05-25,,2.0,271.0,54.0,3.3221174958393958,9.0,0.8177763851855866,Yes,No
2023-05-26,8.172734307665966,9.0,65.0,101.0,5.817330566744337,7.0,3.759733132036353,No,Yes
2023-05-27,5.144573933682877,,247.0,117.0,8.30309253838448,1.0,1.583254188124028,Yes,Yes
2023-05-28,5.019315080373586,,155.0,81.0,8.74783484206007,8.0,1.1245294289331433,No,No
2023-05-29,7.782912348425347,10.0,46.0,25.0,4.3711879768928075,10.0,,No,No
2023-05-30,7.445477009849779,1.0,,5.0,6.916576859410004,3.0,1.3040370477384955,No,No
2023-05-31,7.375739275518815,7.0,147.0,3.0,7.7799107337756475,2.0,1.9366408759975804,Yes,Yes
,7.519672314245463,3.0,123.0,107.0,1.9858561536432258,3.0,2.88419529806618,No,Yes
2023-06-02,5.979962917632264,6.0,0.0,114.0,3.9751858256806063,6.0,3.7408810879318324,Yes,Yes
2023-06-03,,5.0,,28.0,9.440037468846526,3.0,,Yes,Yes
2023-06-04,7.439608709948022,5.0,342.0,58.0,4.397927779758192,10.0,2.1925885103861837,,Yes
2023-06-05,5.928472872960448,5.0,,97.0,-0.8579027294021948,5.0,2.4640063119152105,Yes,
2023-06-06,9.798661766717135,,190.0,16.0,4.758076379226555,6.0,,No,Yes
2023-06-07,7.710749381367681,1.0,66.0,106.0,7.249250998231724,8.0,2.184473523584395,No,Yes
,5.2130447541960265,3.0,3.0,42.0,5.013020873601792,7.0,2.185152877251139,,No
2023-06-09,7.984830412950744,10.0,,116.0,6.430727893601268,8.0,2.607330063496026,No,Yes
2023-06-10,5.5379774946590175,4.0,293.0,79.0,6.8764439953114636,3.0,3.8595327288856396,Yes,Yes
2023-06-11,8.180626905613678,5.0,142.0,65.0,4.290125097135435,4.0,1.1442432978874328,Yes,Yes
2023-06-12,8.737893368511106,2.0,190.0,33.0,3.961214027171248,,2.2146256718978594,Yes,Yes
2023-06-13,5.7689765224724345,,20.0,118.0,5.306881951908544,7.0,1.216543319205708,Yes,No
2023-06-14,8.445064193866482,2.0,226.0,7.0,,9.0,2.1476451347246446,No,Yes
2023-06-15,7.619171390404747,9.0,312.0,12.0,5.108153639693943,1.0,1.8947785012174045,Yes,No
2023-06-16,8.233090239991736,2.0,,105.0,5.190313045364928,8.0,1.45395758474902,,No
2023-06-17,,9.0,301.0,7.0,3.5029077307585244,8.0,3.1391644213708454,Yes,No
2023-06-18,6.631917825995695,,141.0,93.0,6.500573820161896,6.0,2.6789533926953006,Yes,
2023-06-19,5.869395753463765,8.0,,95.0,6.198463894225933,,3.057098940757832,Yes,Yes
2023-06-20,,2.0,392.0,99.0,2.327983266729084,3.0,2.127842322732754,Yes,Yes
2023-06-21,5.776284572551843,7.0,354.0,110.0,4.221675365828066,3.0,2.4504984669539422,No,No
2023-06-22,,6.0,251.0,93.0,5.186159745078893,6.0,3.61624844885142,No,No
2023-06-23,7.511727962224966,4.0,332.0,64.0,3.931373995447651,,2.498095863423621,No,No
2023-06-24,7.415036198995028,7.0,206.0,42.0,,7.0,,No,No
,8.240774873554036,4.0,209.0,38.0,4.866234923085725,1.0,2.0677805880982896,Yes,Yes
2023-06-26,7.0195028378168605,2.0,114.0,80.0,5.338145058910373,6.0,3.001212140354982,Yes,Yes
2023-06-27,9.180301115735976,10.0,224.0,58.0,4.198581385033854,7.0,2.115756448136289,,Yes
2023-06-28,6.603014750143066,7.0,133.0,83.0,1.0135623531787705,7.0,1.1725043367582293,No,No
2023-06-29,11.080253749884427,8.0,250.0,87.0,0.8993033568751008,9.0,2.4946919784552706,Yes,
,7.938501021647509,2.0,218.0,113.0,,10.0,2.1707878001772265,Yes,Yes
2023-07-01,5.714263665375576,5.0,90.0,85.0,,5.0,1.3626530484219166,No,Yes
2023-07-02,,,353.0,92.0,5.877324412702169,1.0,2.634044996171222,,No
2023-07-03,7.723708622864778,7.0,375.0,85.0,5.268945684125827,2.0,1.8745314605326748,No,Yes
2023-07-04,6.664805822011224,8.0,45.0,43.0,5.429134806747029,4.0,4.664848894923877,Yes,Yes
2023-07-05,8.071000741138137,6.0,37.0,8.0,6.938046747237577,5.0,1.4748904366104327,No,No
2023-07-06,7.709856436860317,5.0,141.0,,,9.0,1.6509525402849023,No,No
2023-07-07,6.890756631014691,6.0,,,7.081818700612226,1.0,,No,No
2023-07-08,5.729809422897393,,327.0,35.0,5.342923682453194,3.0,2.4068846835519375,No,Yes
2023-07-09,4.727729162971203,1.0,189.0,100.0,4.399236518960458,5.0,3.094441616483553,No,No
2023-07-10,6.330227571899468,7.0,34.0,91.0,5.388405724312491,3.0,2.7662737377285307,Yes,Yes
2023-07-11,8.284598191485209,7.0,,27.0,3.3276442370254067,4.0,2.0923850104481727,No,Yes
2023-07-12,7.321140616195306,10.0,,41.0,4.240306142176182,3.0,,Yes,No
2023-07-13,5.131391831932018,,333.0,42.0,5.355142617280074,4.0,,No,Yes
2023-07-14,7.259771388776773,2.0,83.0,,5.3286366638020235,1.0,1.5980848700874903,No,No
2023-07-15,7.577976069593255,2.0,368.0,87.0,4.787162239994023,8.0,2.891234172814913,No,No
2023-07-16,5.674213845698301,1.0,280.0,41.0,,4.0,3.143299130079794,Yes,Yes
2023-07-17,,,343.0,103.0,6.272819092841429,7.0,2.4111575371790277,Yes,Yes
2023-07-18,7.087313077669,8.0,269.0,65.0,6.668456813199098,2.0,2.2870967250185377,Yes,No
2023-07-19,5.2855445532540655,8.0,153.0,,8.287380990504477,2.0,1.8113917267372859,No,No
2023-07-20,7.536681040522425,1.0,101.0,71.0,5.883551993177463,,2.823919901693011,No,No
2023-07-21,,8.0,214.0,47.0,5.002923668382966,2.0,0.3678498182428718,Yes,No
,,9.0,,90.0,2.9739409807797004,6.0,,Yes,No
2023-07-23,8.580703078052355,4.0,82.0,21.0,7.9840357387221115,2.0,2.583633438683,No,No
2023-07-24,4.933495948064364,1.0,109.0,,5.495665953748047,4.0,2.3440290101962225,Yes,Yes
,,1.0,386.0,26.0,5.386746347650913,7.0,2.6696115922646935,No,Yes
2023-07-26,7.77255290081299,3.0,274.0,,4.4918876036422954,8.0,1.53851052564751,Yes,Yes
2023-07-27,7.770678926368313,5.0,200.0,66.0,4.364060867130275,3.0,0.8109051183468821,Yes,Yes
2023-07-28,,5.0,283.0,107.0,6.376533468101694,9.0,2.828002548967773,,No
2023-07-29,12.779097235982082,9.0,172.0,12.0,2.957118754682816,2.0,3.4215823205292826,No,Yes
2023-07-30,7.85633576603975,10.0,,,8.25086371831756,8.0,1.2824186196442842,No,Yes
2023-07-31,8.703348460270899,2.0,205.0,9.0,7.815052915076744,8.0,1.763263946102511,Yes,No
2023-08-01,8.431002645239804,2.0,62.0,99.0,4.291876906265822,4.0,3.0266274251192056,No,Yes
2023-08-02,7.977086876958697,6.0,72.0,8.0,3.2722708682539148,1.0,2.7512228319627967,No,No
2023-08-03,6.527096133039482,9.0,250.0,,0.9695880232891714,1.0,4.574175919414696,No,No
,,,123.0,119.0,2.4971722550315465,2.0,3.2529602281781287,No,No
2023-08-05,5.840762178193643,9.0,374.0,118.0,6.459822985765749,9.0,3.084797130325134,Yes,
2023-08-06,6.644772089889987,9.0,,,5.630683717801308,2.0,1.9653479100035822,No,No
,,9.0,274.0,33.0,5.987307130612176,2.0,2.867364057473478,No,Yes
,7.122811209079484,5.0,397.0,114.0,1.3088407293516768,,3.5467895637327587,Yes,Yes
2023-08-09,10.471987850010263,9.0,119.0,0.0,,7.0,2.384926464448966,No,Yes
2023-08-10,4.199102211112378,4.0,316.0,31.0,7.734545612564165,7.0,2.4179497983840075,No,No
2023-08-11,8.029390285561771,2.0,163.0,88.0,4.807945189361293,9.0,2.598947468624853,No,Yes
,4.5809261932155225,6.0,285.0,92.0,2.4554105307520295,,2.0348509229694356,,Yes
2023-08-13,6.29210220131585,4.0,264.0,70.0,,8.0,2.68827445988632,Yes,Yes
2023-08-14,8.63342589545105,6.0,,112.0,3.4579651632695008,6.0,2.670780496792977,No,Yes
2023-08-15,7.096420028643194,3.0,160.0,66.0,,2.0,3.5359904892264593,,No
2023-08-16,5.38338283310604,6.0,375.0,83.0,5.0410907577754305,1.0,2.3674252902425077,Yes,Yes
2023-08-17,5.927044436110048,2.0,307.0,19.0,6.086593328164581,5.0,2.9723099822444543,Yes,No
2023-08-18,8.019396623402013,2.0,88.0,116.0,2.564152746469775,,2.3883043026055644,Yes,No
2023-08-19,5.904450052424295,9.0,141.0,93.0,4.102566862669803,8.0,2.947831609247571,No,Yes
2023-08-20,7.324687884372962,7.0,202.0,34.0,7.180868682798218,4.0,2.3249590809456717,No,No
2023-08-21,7.06835775985572,3.0,308.0,,2.291439891129037,5.0,,Yes,No
2023-08-22,6.022599478591275,1.0,226.0,112.0,2.993775967920043,5.0,3.0097650803619134,No,No
2023-08-23,10.215916133987989,8.0,333.0,102.0,5.398594619984128,6.0,1.7533407068595337,No,No
2023-08-24,7.950878533477017,6.0,221.0,90.0,,,,No,No
2023-08-25,3.962286120013589,7.0,40.0,89.0,4.02230031451446,5.0,,No,No
2023-08-26,7.279681472154142,9.0,195.0,77.0,4.4431342347223,2.0,2.1711423137616954,No,No
2023-08-27,6.007320302847418,5.0,67.0,16.0,6.066451123111284,10.0,2.0029943218309847,No,Yes
2023-08-28,8.278650002194336,1.0,263.0,17.0,,1.0,2.708740194668769,No,Yes
2023-08-29,,10.0,1.0,44.0,2.8615566694204815,1.0,,Yes,
,6.827895337799651,7.0,360.0,115.0,5.7286390412559,10.0,2.7595650298791803,Yes,No
2023-08-31,7.757480918470685,5.0,124.0,92.0,8.024032000011445,7.0,2.7731545490229355,Yes,Yes
2023-09-01,8.298632791255182,,109.0,83.0,4.7682158772777345,2.0,2.926009251745125,Yes,Yes
2023-09-02,5.199555389416336,9.0,85.0,52.0,2.840321692422962,4.0,4.44339888130714,Yes,Yes
2023-09-03,6.498248146238577,1.0,119.0,90.0,2.7478161823455673,5.0,2.5277842301322955,Yes,Yes
2023-09-04,6.287582033258566,1.0,126.0,81.0,4.678525117376273,7.0,1.985798629399199,Yes,No
,6.020006151139432,1.0,254.0,67.0,7.071694609735237,,1.0861306673632363,Yes,No
2023-09-06,9.648181360421646,3.0,182.0,64.0,4.918488300306758,6.0,1.6632782412665896,Yes,
2023-09-07,7.607472566441434,6.0,15.0,113.0,5.378463959811856,1.0,3.364744055527037,No,Yes
2023-09-08,5.108674068497432,10.0,61.0,0.0,3.0073166356523924,7.0,3.003947154741175,No,Yes
2023-09-09,8.376792920582163,3.0,368.0,57.0,,9.0,1.5550097674395045,Yes,Yes
2023-09-10,10.18323429551895,8.0,157.0,25.0,2.7086828576692903,5.0,4.224948708699454,No,
2023-09-11,8.54869789082672,10.0,267.0,108.0,3.991007031456734,5.0,2.728735134363056,No,Yes
2023-09-12,4.72094505106898,2.0,34.0,19.0,6.259829724092588,4.0,,Yes,Yes
2023-09-13,6.273648890700623,9.0,266.0,115.0,0.921137003360136,,4.0709576259552565,,Yes
2023-09-14,8.900366723779934,3.0,63.0,86.0,5.347922299371416,9.0,3.717619004579749,Yes,No
2023-09-15,5.938495801571829,5.0,49.0,9.0,2.9218528672164377,5.0,3.0467962330825125,No,No
2023-09-16,7.665729142219343,10.0,,58.0,5.0330987978182264,8.0,3.0804497585783785,No,No
2023-09-17,8.161951080144005,8.0,148.0,,4.295888784576127,9.0,,Yes,Yes
2023-09-18,5.609604292632875,2.0,324.0,40.0,9.211669650696976,5.0,2.331323007801589,No,Yes
2023-09-19,6.9107119659073,,303.0,104.0,4.2137576216001875,10.0,2.700755028280938,No,Yes
2023-09-20,,5.0,275.0,4.0,8.685302745766684,9.0,2.9020243458522987,No,No
2023-09-21,5.463418537998566,10.0,,64.0,6.17390458236675,2.0,2.4112521839351118,Yes,No
2023-09-22,6.62114777291026,9.0,171.0,16.0,3.3970820585405432,9.0,1.824206343199113,No,Yes
2023-09-23,5.128325227052725,,200.0,21.0,5.661621850519514,,2.3137087190839325,No,Yes
2023-09-24,,2.0,392.0,,4.391180507324377,6.0,1.8084471744658557,No,No
2023-09-25,4.85478793305905,5.0,323.0,119.0,5.484314981482468,6.0,2.5450607996105616,No,Yes
2023-09-26,6.339933269954525,4.0,34.0,108.0,3.5722180251334668,6.0,1.2536799935954408,No,Yes
2023-09-27,7.196110865929137,7.0,,40.0,8.380355266691915,2.0,2.7387269573552833,,Yes
2023-09-28,9.161909933599173,,64.0,92.0,6.850796181593449,,1.3581078531022848,No,No
,4.846206773230841,2.0,7.0,67.0,5.0635631363231814,6.0,,Yes,Yes
2023-09-30,,5.0,300.0,68.0,8.458229536139068,1.0,2.852870752136592,Yes,Yes
2023-10-01,7.015349591529381,7.0,342.0,10.0,5.148558488165698,2.0,3.053802698058771,No,Yes
,5.527737023428074,7.0,331.0,55.0,7.195249929722329,7.0,2.970651446218451,Yes,Yes
2023-10-03,7.693155211394906,5.0,75.0,50.0,5.076601175044849,1.0,2.7238137401317166,No,No
2023-10-04,7.298589543360205,9.0,173.0,20.0,5.787775189621157,1.0,1.7165086793267559,No,No
2023-10-05,6.099674684261808,4.0,46.0,98.0,4.837122438114441,1.0,3.1864258484067305,,No
2023-10-06,7.1047031274850285,3.0,14.0,75.0,5.190602707747874,8.0,1.7325190448464223,Yes,Yes
2023-10-07,6.42202960470736,4.0,360.0,25.0,5.341063720775998,,3.2662030743180277,No,No
2023-10-08,7.170276017876872,,146.0,114.0,3.6605363350232127,4.0,,No,Yes
2023-10-09,7.99319601178157,6.0,25.0,18.0,,2.0,3.451231060317676,Yes,No
,,3.0,307.0,108.0,4.566489967027656,1.0,2.5174079388114077,Yes,Yes
2023-10-11,5.143276751759727,2.0,92.0,59.0,5.459422033604593,10.0,1.9268651249522855,,No
2023-10-12,10.1995500619844,4.0,231.0,70.0,4.938841960993066,9.0,1.5951432330885251,Yes,No
2023-10-13,4.071868300716247,5.0,20.0,46.0,7.3460650676514145,7.0,1.6728944657989517,Yes,No
2023-10-14,6.772322357446625,,306.0,118.0,6.694236637959282,4.0,1.354257675975091,No,Yes
2023-10-15,7.882475809726865,3.0,37.0,70.0,4.607344887949255,6.0,3.1594020418555955,,
,,8.0,275.0,25.0,7.763567794903878,2.0,3.24719186712268,No,Yes
2023-10-17,6.065950720269109,10.0,156.0,39.0,8.746041247150913,7.0,2.8875899476797935,Yes,No
,6.687816624464087,4.0,178.0,4.0,0.9123474101557658,2.0,2.476871361548705,Yes,Yes
2023-10-19,6.2604985980117505,2.0,131.0,20.0,6.864580170132559,10.0,3.9426716055237585,Yes,Yes
2023-10-20,6.115952864583683,2.0,310.0,77.0,3.6140316053370016,8.0,2.4312960619251944,No,Yes
2023-10-21,8.274403145531537,1.0,347.0,3.0,6.601496042646598,8.0,2.6546417657007253,Yes,Yes
2023-10-22,,4.0,27.0,,7.476475881292863,1.0,2.4665039406696163,Yes,Yes
2023-10-23,5.960635607109019,,259.0,105.0,,8.0,2.2631843534755864,No,Yes
2023-10-24,8.349399813149876,9.0,75.0,83.0,1.295345801968479,,2.9416821428817683,No,No
2023-10-25,7.460949281314914,7.0,66.0,14.0,6.67086817643173,6.0,,No,No
2023-10-26,8.21929317825844,10.0,,113.0,5.270804964967223,1.0,2.009595521439752,Yes,Yes
2023-10-27,7.944443262885418,7.0,193.0,115.0,1.6631224921947436,,2.977028569786548,No,No
2023-10-28,5.7565074836168915,7.0,161.0,108.0,10.059129010925645,7.0,2.1516741434063626,Yes,No
2023-10-29,,8.0,346.0,92.0,6.248838824513104,10.0,2.5934374196526258,Yes,Yes
2023-10-30,8.120940407684893,1.0,360.0,7.0,,1.0,2.2610703161655312,No,Yes
2023-10-31,7.915555398150198,10.0,256.0,40.0,7.731635505124097,2.0,2.4919140912413464,No,No
2023-11-01,6.968647609053778,10.0,,111.0,3.838352094306996,7.0,,No,Yes
2023-11-02,7.175991074963173,8.0,86.0,18.0,5.260908224177354,6.0,2.0515878730756345,No,
2023-11-03,8.916497343682638,4.0,261.0,111.0,2.361356172440474,3.0,,No,
2023-11-04,6.112642916746255,4.0,213.0,102.0,3.7841031054296312,10.0,3.090331076903016,Yes,No
2023-11-05,7.820646071755057,4.0,152.0,,5.771320000938475,2.0,2.6203193839759304,Yes,Yes
2023-11-06,,6.0,209.0,27.0,1.6694306657350957,10.0,3.142985576655565,Yes,No
2023-11-07,6.67347819515917,7.0,60.0,109.0,3.727420908643838,4.0,3.217770595180773,No,Yes
2023-11-08,8.648165277980786,,267.0,90.0,3.1441320801245585,3.0,,Yes,
2023-11-09,8.238124523482044,1.0,261.0,67.0,5.28418449124069,7.0,3.1171094890719946,,Yes
,8.220264454000958,8.0,,14.0,6.149402523330697,,2.490115494646597,No,Yes
2023-11-11,8.958218210731493,10.0,282.0,,6.484305608752914,2.0,2.3889285461645238,,Yes
2023-11-12,7.031505762449139,7.0,135.0,36.0,6.997633289556301,10.0,3.3766569676625426,Yes,No
2023-11-13,8.022929456942446,6.0,379.0,0.0,7.744233693144742,7.0,2.8876379239708023,,
2023-11-14,6.534599865109816,6.0,,66.0,6.214490907366812,8.0,2.253303021455391,Yes,
2023-11-15,7.486249528732663,5.0,,110.0,8.77467179778883,6.0,,No,Yes
2023-11-16,6.804785418448473,6.0,108.0,23.0,5.239005042529364,6.0,1.6140011434812875,Yes,Yes
2023-11-17,,9.0,240.0,26.0,4.653357691498904,10.0,,Yes,Yes
2023-11-18,7.89273553815537,10.0,354.0,,6.21461472672008,,1.4502859143992715,Yes,No
2023-11-19,5.7726689751497915,9.0,141.0,,4.5671776500148225,4.0,1.8109202618922717,Yes,Yes
2023-11-20,10.138580913528191,10.0,290.0,60.0,8.705129457550099,1.0,2.909247788788383,Yes,Yes
2023-11-21,5.4909739277504475,8.0,236.0,35.0,7.261966946270424,4.0,0.6308278018012332,No,No
,5.1787170808184015,10.0,339.0,97.0,6.500556288399029,,3.7617583013523284,Yes,Yes
2023-11-23,8.737166310250101,,311.0,92.0,,5.0,3.084144904493221,Yes,No
,8.187494040944404,10.0,176.0,,4.185045657170274,10.0,1.2130268142571834,Yes,No
2023-11-25,7.936179725578233,8.0,140.0,23.0,6.402650009135519,9.0,4.178949024685261,No,No
2023-11-26,7.94251826389642,8.0,188.0,105.0,2.745805096306082,10.0,4.3718727247402125,No,No
2023-11-27,6.981629840729628,1.0,48.0,3.0,8.06872706688204,3.0,2.373655838707183,No,Yes
,5.654118442771253,,301.0,,4.644726589229253,8.0,1.8514576547098296,No,Yes
2023-11-29,7.113706837290589,5.0,368.0,33.0,5.610213466481458,3.0,,No,No
,5.984257432731832,4.0,189.0,56.0,3.180797847613422,6.0,2.2593469037918186,Yes,No
2023-12-01,,2.0,135.0,48.0,6.445972526238442,4.0,2.6127276554689978,Yes,Yes
2023-12-02,6.779413927746792,8.0,42.0,86.0,4.092516774323343,8.0,3.352102813745937,,No
2023-12-03,5.761754204811233,3.0,379.0,52.0,6.298457580610196,6.0,2.3925419753447623,No,No
2023-12-04,6.51792123752051,4.0,352.0,119.0,6.514786937954779,8.0,2.331262024778332,,No
2023-12-05,7.6193971814134365,7.0,89.0,115.0,3.704735772822919,1.0,1.609323515956347,Yes,Yes
,6.154413170794038,10.0,294.0,22.0,2.7529417581720104,6.0,2.058619832983389,No,No
,5.766669406650353,9.0,340.0,108.0,8.063799833089089,1.0,2.317461107620752,No,Yes
2023-12-08,7.365530817237868,2.0,244.0,68.0,4.615401931941836,1.0,1.633005767675733,No,Yes
2023-12-09,7.367449856663084,3.0,191.0,94.0,5.449697632091277,,1.6964449272534357,Yes,Yes
2023-12-10,6.239585236943306,,317.0,52.0,5.970929049293484,7.0,2.5235209216507926,Yes,
2023-12-11,6.2934425415725155,10.0,105.0,61.0,,3.0,1.2052070980296279,No,No
2023-12-12,,1.0,362.0,40.0,5.925332273639775,6.0,1.8845858890650677,No,Yes
2023-12-13,4.8278734877540135,7.0,,56.0,5.198253072309274,9.0,3.861215795517915,No,Yes
2023-12-14,4.888804338435167,,381.0,59.0,3.7129386045912174,,2.2581719470019492,No,Yes
2023-12-15,,5.0,232.0,53.0,2.6869280303245415,3.0,,Yes,No
2023-12-16,6.6798292724322295,1.0,264.0,69.0,,6.0,2.255037915839612,No,No
2023-12-17,7.466361348397007,3.0,343.0,100.0,7.2554240163897585,4.0,2.266093332981967,Yes,Yes
2023-12-18,9.213034325424328,2.0,36.0,56.0,5.357181034785606,3.0,,Yes,Yes
2023-12-19,8.286489434803029,1.0,304.0,9.0,2.1310693163006262,9.0,2.8534063072244606,Yes,
2023-12-20,6.7600922050548595,7.0,40.0,39.0,2.8853343656505395,10.0,2.226469110854836,No,Yes
2023-12-21,6.971475688145967,5.0,16.0,,4.135752581351893,2.0,2.3503138038034406,Yes,No
2023-12-22,5.496205953043287,1.0,343.0,102.0,8.1292394823215,1.0,,Yes,No
2023-12-23,6.972230296011415,6.0,276.0,37.0,4.5064986758022485,2.0,1.4427866718708249,No,Yes
2023-12-24,6.567012041619792,5.0,306.0,84.0,,7.0,,No,Yes
2023-12-25,7.484077840507134,3.0,58.0,60.0,1.6530304006477703,,,No,
,5.759153584671516,7.0,182.0,83.0,3.686630419779778,1.0,1.9563219979306194,Yes,No
2023-12-27,7.779019771361758,10.0,40.0,2.0,2.5341272920183395,6.0,2.419404377556092,No,No
2023-12-28,9.299108369503866,9.0,38.0,50.0,2.9936403381544,7.0,1.8618264774386817,,No
2023-12-29,6.8368597773147135,,396.0,85.0,5.239901360317485,9.0,2.9460183494910526,Yes,No
2023-12-30,7.602567583148412,9.0,191.0,46.0,4.197671588777645,8.0,1.5632553411469345,,Yes
2023-12-31,,2.0,266.0,67.0,8.39898890534269,6.0,3.2436335636940417,Yes,No
,6.398169292171246,3.0,146.0,91.0,7.156006745414953,3.0,,Yes,No
2024-01-02,7.336138722715625,7.0,394.0,75.0,3.7822321243793224,8.0,2.1863762983964024,Yes,No
2024-01-03,7.0188886011726925,5.0,,37.0,3.16636431651897,7.0,1.7967120302420083,Yes,Yes
,7.146514147823248,2.0,126.0,114.0,7.765283871328386,3.0,3.2214604571912253,No,Yes
2024-01-05,,3.0,45.0,35.0,8.320084978966966,9.0,2.0436965061762287,Yes,No
2024-01-06,7.036765261388414,10.0,,,,2.0,1.682926008353862,No,No
2024-01-07,7.746997436868175,6.0,0.0,40.0,5.185715247943403,3.0,3.236024323305683,Yes,Yes
2024-01-08,9.176715411692562,7.0,167.0,68.0,4.4962433842065455,2.0,1.866985930553739,Yes,Yes
2024-01-09,8.43890623912781,9.0,107.0,12.0,6.298240280119874,1.0,2.433862380098859,No,Yes
2024-01-10,10.229773686267334,,18.0,86.0,8.885336248323007,4.0,3.0731626430160843,Yes,Yes
2024-01-11,,7.0,331.0,57.0,4.031885961344403,5.0,2.6105703219466676,Yes,No
2024-01-12,8.308480955081016,8.0,71.0,,,6.0,,Yes,Yes
2024-01-13,7.2750130086075275,,108.0,29.0,6.1580154002985275,5.0,1.9155347421986257,,No
,10.28470439982651,4.0,267.0,61.0,7.779928137208405,1.0,2.3526420643801815,,No
2024-01-15,5.787552571967273,10.0,239.0,100.0,4.392480436960451,3.0,2.4067753018126226,Yes,Yes
2024-01-16,5.740417236728836,,300.0,24.0,3.589925039720678,1.0,2.9348644668017965,No,Yes
2024-01-17,6.1009110318339665,10.0,89.0,111.0,4.125481189244601,5.0,3.4020361894866653,No,Yes
2024-01-18,3.8141564135352897,7.0,102.0,26.0,6.700410734262469,5.0,2.551531556740088,No,Yes
2024-01-19,6.211367467478858,4.0,249.0,50.0,4.0910781174300395,6.0,2.403635318747801,Yes,No
2024-01-20,5.861301007669454,8.0,7.0,77.0,5.65752060068569,8.0,1.4619056925190943,,No
,7.225590679714312,5.0,152.0,56.0,5.05560583147988,10.0,2.5786668328576865,Yes,No
2024-01-22,7.512633963665739,1.0,346.0,111.0,4.849240775154468,1.0,2.0447899930024827,No,Yes
2024-01-23,9.814256258823828,4.0,,46.0,6.402584653504466,4.0,2.9329054174191387,Yes,No
,8.425635757279075,3.0,,117.0,4.042840200271611,10.0,2.2132210675473805,No,Yes
2024-01-25,6.134644516506396,,157.0,99.0,4.138826879635442,1.0,2.33155336194095,Yes,No
2024-01-26,5.652377992977463,8.0,214.0,,6.595205699999508,9.0,1.4778123897915014,Yes,Yes
2024-01-27,7.737878757259758,1.0,176.0,,3.0261493516626947,7.0,1.231983541366223,Yes,No
2024-01-28,5.019650189469036,6.0,174.0,119.0,3.2395596183553454,7.0,3.802690928128528,No,No
2024-01-29,9.74718814878153,9.0,339.0,21.0,2.479371417312813,5.0,2.590778736695693,Yes,Yes
2024-01-30,8.769160181081931,7.0,337.0,84.0,6.698021826553107,7.0,2.783034834341426,,No
2024-01-31,6.296236521842943,4.0,145.0,53.0,4.789526063837465,2.0,1.8613935257720728,Yes,
2024-02-01,,1.0,323.0,20.0,2.3727697078418672,4.0,3.1128665250250287,Yes,Yes
2024-02-02,9.030808561248119,2.0,160.0,71.0,6.707617124618137,7.0,2.9865979271330523,No,Yes
2024-02-03,6.828190232121073,,126.0,112.0,3.8889156768491286,3.0,1.9383009639040334,Yes,Yes
2024-02-04,8.856724467960193,5.0,81.0,15.0,3.2566438423262296,2.0,,,Yes
2024-02-05,4.608358511808449,8.0,146.0,58.0,4.608642882246096,10.0,1.9872306213209092,Yes,Yes
2024-02-06,6.1009374655693405,6.0,238.0,118.0,7.957447218935783,2.0,2.4802021459050216,Yes,No
2024-02-07,7.007865549577275,8.0,83.0,30.0,4.21007560700686,1.0,2.616974902198158,No,Yes
2024-02-08,7.070470890647113,2.0,112.0,,6.1506777282311695,5.0,2.5268758057670557,No,No
,,3.0,224.0,73.0,6.4541600409019075,,3.4091110760481427,,
2024-02-10,7.934274898521248,6.0,331.0,31.0,,6.0,1.9995302049327592,Yes,Yes
2024-02-11,5.398569355926108,10.0,,58.0,7.542143299348524,9.0,1.7393366062797564,No,No
,6.7864307724680595,3.0,242.0,33.0,3.585767990735442,4.0,2.5000693152962743,Yes,No
2024-02-13,7.180443447567848,6.0,142.0,8.0,,1.0,1.3148406289183379,No,Yes
,7.771658251088123,6.0,40.0,80.0,2.8740666879500103,6.0,,Yes,No
2024-02-15,8.067422317133335,2.0,257.0,10.0,4.711063169400413,5.0,2.5685742851332884,No,Yes
2024-02-16,5.313036862243196,7.0,284.0,95.0,3.105906684318942,10.0,,No,Yes
2024-02-17,4.698828743896566,2.0,104.0,9.0,5.295081823730657,6.0,2.2245129887256025,No,Yes
2024-02-18,8.916515232847765,,201.0,85.0,5.153976839449786,3.0,3.1369970474848627,No,No
2024-02-19,7.498471017969387,1.0,306.0,16.0,7.037146606372081,2.0,3.1147035547369715,Yes,No
2024-02-20,5.87727019516517,,330.0,67.0,5.582288616472081,6.0,2.3275396991106527,,No
2024-02-21,9.326727963283783,2.0,265.0,47.0,4.167696288277104,,2.914238176490515,No,No
2024-02-22,7.173511951439288,,397.0,51.0,5.821698408865366,7.0,,No,Yes
2024-02-23,8.76894577609574,4.0,209.0,110.0,2.9396119602041186,7.0,2.734868357937299,No,No
2024-02-24,7.101277722115164,8.0,50.0,24.0,4.923718623951365,10.0,2.3561744862598926,,Yes
2024-02-25,10.09112188732298,6.0,117.0,20.0,5.638802467191161,7.0,2.7668173952434207,Yes,No
2024-02-26,9.633011263664807,10.0,200.0,100.0,,10.0,1.7726393499494373,No,No
,6.62655377728139,,376.0,101.0,5.830130189871968,1.0,2.549773898505748,No,No
2024-02-28,8.457356426431533,5.0,38.0,112.0,3.711907968574417,4.0,,No,No
2024-02-29,7.968063924377722,9.0,27.0,64.0,7.304062805619032,,2.2270940633445724,No,No
2024-03-01,,7.0,258.0,62.0,8.644337898791413,9.0,1.2914352916955987,No,Yes
2024-03-02,,10.0,83.0,88.0,,5.0,1.7806815740112998,,No
2024-03-03,8.02907718999766,9.0,154.0,50.0,2.5688040080915036,2.0,,,No
2024-03-04,8.587636730274381,7.0,116.0,35.0,5.086166016048771,7.0,,Yes,
,4.361890770365329,1.0,,80.0,4.486898038894252,10.0,2.700076443282791,,No
2024-03-06,5.225112231001337,8.0,92.0,104.0,,1.0,3.157771973619531,No,Yes
2024-03-07,3.941151733359849,4.0,165.0,87.0,5.439568646848922,7.0,3.370039367680091,No,No
2024-03-08,,3.0,386.0,65.0,7.7850905074519146,6.0,2.7305164016746466,Yes,Yes
2024-03-09,8.076313383693943,7.0,399.0,103.0,0.9017522270927998,7.0,2.5982053874762077,Yes,
2024-03-10,9.253535578144042,3.0,349.0,14.0,6.628338966664704,10.0,1.8189042023203528,Yes,Yes
2024-03-11,7.1111421706296625,8.0,,95.0,3.568966361483358,3.0,3.8906698852013166,,Yes
2024-03-12,9.442923318356938,6.0,257.0,38.0,3.5369148607606853,3.0,1.5075091498028668,No,Yes
2024-03-13,4.929847812677663,5.0,80.0,,4.503283947175752,7.0,2.5831138617459466,,Yes
2024-03-14,4.4449263409672675,4.0,267.0,0.0,2.150832720537816,2.0,3.0829593024817674,Yes,
2024-03-15,6.916678451655072,8.0,,110.0,5.885571050643705,1.0,3.092716304271937,No,No
2024-03-16,7.576098173408961,8.0,320.0,22.0,5.38142993343359,9.0,1.6914376366924735,Yes,Yes
,6.95095787785886,1.0,310.0,,5.532384496374541,9.0,2.206067897992687,Yes,No
2024-03-18,3.898836849940185,9.0,300.0,56.0,6.774062044265812,7.0,1.9407316595176356,Yes,Yes
2024-03-19,6.8663199407308175,5.0,356.0,80.0,8.029564092388307,7.0,1.1136960393037858,Yes,Yes
2024-03-20,,4.0,212.0,33.0,4.2725779018249055,3.0,2.591228719221473,Yes,No
,8.004508823245057,6.0,61.0,40.0,5.954701279472947,10.0,1.997669222632016,No,Yes
2024-03-22,7.549897369145272,6.0,48.0,92.0,5.585976416669959,2.0,3.5538375992979416,No,Yes
2024-03-23,5.590180320508967,2.0,126.0,72.0,5.755229012657879,7.0,2.9306221067320704,Yes,Yes
2024-03-24,6.22919962399496,,222.0,12.0,5.785195328931967,9.0,2.5289813651498747,,Yes
2024-03-25,,7.0,278.0,69.0,8.181006689129678,1.0,2.1691103273403916,No,No
2024-03-26,6.905981354090242,1.0,293.0,5.0,4.080646263021412,4.0,2.580581248849972,,Yes
2024-03-27,8.432713480751858,5.0,283.0,83.0,1.9485281935926357,6.0,,Yes,
,5.5214109304966845,6.0,276.0,51.0,3.6042524627682253,7.0,2.548677376225176,No,No
2024-03-29,7.756069773276766,4.0,106.0,116.0,6.51453386707081,10.0,3.831145039582378,No,No
2024-03-30,6.204613572441339,2.0,145.0,2.0,5.046659017294354,7.0,1.7546706912566257,No,Yes
2024-03-31,5.810690751606484,,98.0,80.0,4.064801319010008,10.0,2.3819506919462086,No,Yes
2024-04-01,6.839454460068163,1.0,374.0,62.0,2.8470054631807162,2.0,2.9944718802115564,Yes,No
2024-04-02,5.447136516370939,7.0,72.0,48.0,5.442572243461065,4.0,2.2199014107499226,No,Yes
,6.169526041979227,2.0,121.0,75.0,6.289012550547618,5.0,,Yes,No
2024-04-04,5.203183161116727,2.0,,111.0,5.611744110192056,1.0,2.974921407108287,Yes,Yes
2024-04-05,9.947087699374585,,187.0,46.0,4.493339337690108,1.0,1.9967767093812636,,No
2024-04-06,7.052895327957593,5.0,363.0,108.0,5.2932825685949245,10.0,2.6428480915924877,No,No
,5.950411738011121,2.0,353.0,54.0,5.28168593311483,3.0,2.0067738860685393,,No
2024-04-08,7.320969866101333,9.0,287.0,63.0,5.379393862435324,10.0,1.9423391799521337,Yes,Yes
2024-04-09,6.831507925463756,9.0,194.0,64.0,2.6313900979617597,3.0,2.4018614142032932,Yes,Yes
,6.668545600700165,1.0,155.0,80.0,,8.0,3.3846328133312467,Yes,Yes
2024-04-11,7.9212500500651375,3.0,171.0,66.0,4.118807063067611,9.0,,,Yes
,8.136261565070958,,,89.0,7.081237212019518,1.0,2.4841956754519208,No,No
2024-04-13,6.204248278584209,7.0,40.0,14.0,5.265837283500548,2.0,3.046830336361675,Yes,No
2024-04-14,6.13627263903298,10.0,62.0,99.0,,10.0,2.68803309729108,,No
2024-04-15,6.587422454272534,,22.0,31.0,4.396437225900495,2.0,1.6810748820622985,No,
2024-04-16,3.547118252896623,2.0,359.0,95.0,4.468572324777083,,2.398403666568183,Yes,Yes
2024-04-17,4.727213406702171,,74.0,67.0,7.988502492512664,2.0,2.4487882828129743,Yes,Yes
2024-04-18,9.050311401166788,6.0,47.0,17.0,5.8726703768310164,7.0,,No,No
2024-04-19,9.467451570251924,3.0,159.0,112.0,3.5709709351885226,9.0,2.1034706495785325,Yes,Yes
2024-04-20,6.626445940665432,6.0,312.0,82.0,6.793948877240949,7.0,1.8611347970374608,Yes,Yes
2024-04-21,7.864835444583649,6.0,117.0,,3.9333905331442587,,2.4681171302492353,Yes,No
2024-04-22,7.466875231815304,5.0,99.0,115.0,5.451396275623046,10.0,2.048202847203813,Yes,No
2024-04-23,11.618321212682856,4.0,379.0,34.0,8.67334926171881,1.0,2.2735435462914544,No,
2024-04-24,8.679362367151866,10.0,166.0,103.0,2.1374352247238915,10.0,2.4433842989762113,Yes,
2024-04-25,6.80812361277885,1.0,289.0,77.0,4.648436156466927,9.0,2.2318690853928813,No,Yes
2024-04-26,5.566689339099361,10.0,155.0,,,5.0,3.1742279199969716,Yes,
2024-04-27,4.590330519613641,6.0,6.0,32.0,6.529396669329348,5.0,,No,No
2024-04-28,7.305195453800835,2.0,195.0,13.0,2.5175321852782546,6.0,3.10403752007075,No,No
2024-04-29,5.865473882073545,,55.0,33.0,1.928419462849964,,1.2601619843915957,No,Yes
2024-04-30,4.866619435603489,8.0,320.0,60.0,,8.0,2.050618436388716,Yes,Yes
2024-05-01,6.03014067363621,10.0,,118.0,3.559170286392325,8.0,2.3749435166774635,Yes,Yes
2024-05-02,5.3776779945784074,6.0,46.0,3.0,3.4754349840053695,8.0,1.2076087184549469,Yes,No
2024-05-03,9.530712452608848,3.0,147.0,87.0,8.100499345544334,1.0,1.8868757979955038,No,No
,8.322459635424176,7.0,274.0,58.0,5.139404629463645,1.0,2.3659990215372146,Yes,No
2024-05-05,,4.0,156.0,28.0,5.152476455363148,8.0,2.185718143209657,Yes,No
2024-05-06,9.21991620833504,9.0,201.0,82.0,4.640401109696935,5.0,2.506055124116243,Yes,Yes
,7.116052461471427,5.0,125.0,5.0,2.55203586651366,9.0,1.5334201471061322,Yes,Yes
2024-05-08,5.708073698007604,3.0,394.0,96.0,6.351393898788776,2.0,2.1778023544982146,No,Yes
2024-05-09,,2.0,304.0,48.0,,9.0,2.6063368255086052,No,No
2024-05-10,7.8083650655269885,2.0,368.0,39.0,5.337382650678865,8.0,2.5071410299974093,Yes,No
2024-05-11,5.444130768510315,3.0,293.0,82.0,4.7673539214474845,,2.8128255043535177,Yes,
2024-05-12,6.714491982874588,2.0,63.0,116.0,4.415360701323426,,,Yes,No
2024-05-13,5.686572619922864,4.0,324.0,64.0,6.824966779094829,1.0,2.2150251218720847,No,Yes
2024-05-14,4.925800403553496,2.0,391.0,68.0,4.71741387358781,1.0,,Yes,No
2024-05-15,8.389266321297463,10.0,175.0,26.0,,5.0,1.9400048337134743,No,No
2024-05-16,9.864124960705196,9.0,115.0,79.0,,2.0,2.3108401766808986,,Yes
2024-05-17,4.902148639271289,2.0,203.0,5.0,5.415921861360772,8.0,1.761067769635206,Yes,Yes
2024-05-18,7.844453855035856,9.0,320.0,103.0,8.284552115080878,10.0,3.2457971025933805,Yes,No
2024-05-19,6.024036146317259,6.0,30.0,12.0,1.4772664450533912,5.0,2.3085539896284875,Yes,Yes
2024-05-20,6.269311924352956,1.0,,111.0,5.599814876734526,5.0,3.244760412359644,No,Yes
2024-05-21,6.111409113641696,,112.0,63.0,3.588788439055662,2.0,2.718047248081912,No,No
,5.704013845480276,1.0,364.0,61.0,3.115826930490141,7.0,1.880036416840638,Yes,No
2024-05-23,7.072782441917241,6.0,324.0,98.0,4.085871587911305,8.0,2.675774619301064,No,No
2024-05-24,5.753574825383444,4.0,375.0,18.0,5.109358816963523,10.0,3.0668027855614914,Yes,Yes
2024-05-25,7.405685238669758,3.0,343.0,75.0,,1.0,,Yes,No
2024-05-26,6.924642835826295,3.0,,79.0,1.9653875686430138,,2.551820546638867,No,No
2024-05-27,6.641577929700386,,74.0,42.0,3.9178323406443614,10.0,2.1139798841514454,No,No
2024-05-28,5.638654506937604,6.0,,73.0,5.562443102952918,4.0,,No,No
2024-05-29,6.134843004147501,9.0,259.0,,3.2461390984326908,5.0,2.6665287321614994,No,No
2024-05-30,8.133086838738635,,,19.0,,2.0,2.0948289301170426,Yes,Yes
2024-05-31,7.751375781436571,2.0,154.0,94.0,0.48773538501411107,1.0,1.744492844324242,Yes,No
2024-06-01,5.533667132802173,8.0,362.0,67.0,3.6736131032492825,9.0,3.401579349708236,Yes,No
2024-06-02,,5.0,233.0,43.0,2.7007416020983723,1.0,2.922884354189319,No,Yes
2024-06-03,8.127080685057683,2.0,50.0,22.0,3.0321342337798844,,2.116639326240031,Yes,No
2024-06-04,4.495892078317942,4.0,305.0,1.0,4.456359393440693,2.0,2.6537600800106387,No,No
2024-06-05,7.815040288569903,9.0,261.0,119.0,,,,No,Yes
,6.00606436158123,4.0,314.0,21.0,,8.0,1.1160503182627508,No,No
,7.855898002889739,4.0,124.0,114.0,0.768316869533546,8.0,3.2588931612344605,Yes,Yes
2024-06-08,5.855111265186225,2.0,398.0,56.0,5.604622610295285,9.0,2.6606857981830787,No,No
2024-06-09,,6.0,244.0,100.0,6.505654427616946,5.0,2.4666082713607684,No,Yes
2024-06-10,4.558686343175256,2.0,29.0,71.0,4.206510042011253,7.0,2.6628600433690672,No,Yes
2024-06-11,,7.0,121.0,6.0,4.468448607091446,,4.758292161243791,No,
2024-06-12,7.389583752582222,,124.0,77.0,5.005621031372247,10.0,3.108366700371727,No,Yes
2024-06-13,5.643525062343388,3.0,36.0,55.0,8.157567153224504,4.0,1.7681918135376353,No,
2024-06-14,7.957888688166061,5.0,169.0,118.0,1.8645844123484578,,1.3237365256557727,No,No
2024-06-15,4.50771990659656,3.0,123.0,66.0,4.171020548254861,,3.2381750343515914,No,No
2024-06-16,6.900880302029025,2.0,356.0,113.0,1.556054071734561,10.0,3.099267097961005,No,Yes
2024-06-17,5.183475700356315,10.0,34.0,15.0,5.724636917471118,10.0,2.9025425372853086,No,No
2024-06-18,6.022245838296762,,86.0,118.0,,,1.9309846783704248,No,Yes
2024-06-19,7.071098006974621,2.0,133.0,,5.405984225872155,2.0,2.754299772918783,No,Yes
2024-06-20,5.709379952074071,2.0,195.0,50.0,5.306245125182153,5.0,1.9936583818795743,Yes,No
2024-06-21,6.423166683655262,8.0,273.0,81.0,6.981416507407032,3.0,2.9639473202146727,Yes,No
2024-06-22,,9.0,200.0,,6.076265929136932,2.0,3.187859835090639,No,
2024-06-23,6.134662195715277,7.0,368.0,79.0,6.661015915320175,1.0,2.1195690688193256,No,No
2024-06-24,8.253538168097712,3.0,284.0,,2.868930620206112,10.0,3.2922671128507965,,No
2024-06-25,5.305439718013573,9.0,76.0,,7.3863417299502885,3.0,2.580396679693897,Yes,Yes
2024-06-26,,3.0,,112.0,3.555274521022001,1.0,2.84431124870939,Yes,Yes
2024-06-27,9.16235293098685,5.0,125.0,11.0,3.6702609147520384,1.0,,Yes,Yes
2024-06-28,3.292533249809066,9.0,108.0,52.0,5.5416851547059895,1.0,2.6625501541684296,No,Yes
2024-06-29,5.804657116794285,3.0,,74.0,5.6038365260985525,8.0,2.0270909288097325,No,Yes
2024-06-30,7.86560819077081,7.0,277.0,4.0,,3.0,2.8322434178099214,,Yes
2024-07-01,,1.0,67.0,26.0,4.653441416452206,1.0,3.5270138687558834,No,No
2024-07-02,7.556718810056963,4.0,68.0,11.0,,7.0,,Yes,Yes
2024-07-03,6.094022219926269,,164.0,16.0,2.06332687693181,10.0,1.8694015654967715,No,No
2024-07-04,7.12988468120935,,304.0,5.0,7.970438482025452,,2.9385262642443104,Yes,No
2024-07-05,6.766484146911881,8.0,396.0,,4.51660309716702,8.0,2.7812521220514013,Yes,
2024-07-06,8.75167309248971,1.0,161.0,,0.32449033312969355,4.0,3.941021222480216,No,No
2024-07-07,7.381631264951819,5.0,364.0,56.0,2.2665365330341873,4.0,2.6777775726306605,Yes,Yes
2024-07-08,7.506403993112803,7.0,341.0,27.0,3.073044924529613,5.0,2.090167506143152,,No
2024-07-09,6.382184550816299,4.0,308.0,77.0,3.7521413984345156,,3.0394488579524643,Yes,Yes
2024-07-10,6.26859066389126,4.0,378.0,68.0,4.790573482749324,7.0,,Yes,Yes
2024-07-11,6.351162718270569,4.0,342.0,117.0,-0.4069602595231441,4.0,,No,Yes
2024-07-12,7.591678213567445,6.0,,119.0,5.373608784955307,,1.8500667787371134,No,Yes
2024-07-13,6.368523278769605,,41.0,58.0,,6.0,2.4142956310376107,Yes,No
2024-07-14,7.434662285344619,2.0,353.0,32.0,7.7810451432021175,1.0,2.5215632882433052,No,No
2024-07-15,10.113101197968158,5.0,108.0,61.0,4.459646558512051,1.0,2.4101559269841855,Yes,No
2024-07-16,8.306687055147538,4.0,50.0,49.0,6.885692343465459,9.0,2.086378846298425,No,
,6.510964701748239,3.0,249.0,,7.220697959828586,10.0,2.7017603912417067,No,No
2024-07-18,8.801820883245917,7.0,340.0,104.0,7.166546486932433,6.0,1.8535693082107163,No,Yes
2024-07-19,6.387886940467673,6.0,382.0,18.0,3.867186514075029,10.0,1.6887037796332036,No,Yes
2024-07-20,3.942813197233219,7.0,20.0,85.0,3.8415996845573526,8.0,2.9966753195085083,No,Yes
2024-07-21,5.487870533623894,5.0,,68.0,4.55005340142337,7.0,2.932425124661099,Yes,Yes
2024-07-22,4.193812118461216,6.0,138.0,65.0,6.272474750757851,,1.5846768635237534,,Yes
2024-07-23,6.4727297739380365,5.0,358.0,93.0,3.9786094604916746,4.0,1.2193114674972763,Yes,No
2024-07-24,7.027627568784328,7.0,,46.0,4.761475052819504,7.0,,Yes,Yes
2024-07-25,9.514655968412924,2.0,384.0,38.0,5.5471876326789,9.0,2.4101907038687616,No,Yes
2024-07-26,7.490391060646244,,91.0,67.0,3.190216147904267,10.0,3.308044702335854,,No
2024-07-27,6.6713492067867035,6.0,,,3.0637834233417647,10.0,2.393078802531236,No,No
2024-07-28,8.244108371775233,6.0,124.0,12.0,4.683472237192019,7.0,1.9614472658903779,Yes,Yes
2024-07-29,3.683297036488172,5.0,396.0,,4.948357629903283,1.0,2.604010360358142,Yes,Yes
,7.353421837162849,10.0,,53.0,5.867770960003286,10.0,2.4201887193252936,No,No
2024-07-31,8.15629779083045,7.0,353.0,6.0,6.343773149903112,9.0,1.5332948847829015,No,Yes
2024-08-01,4.782120631330238,10.0,138.0,,2.8018743588567028,4.0,1.5374559805569024,No,
2024-08-02,8.715631064810394,8.0,272.0,86.0,,,,No,Yes
2024-08-03,7.5077446112416215,7.0,98.0,13.0,3.0584954248737963,4.0,4.235896074435556,Yes,No
2024-08-04,6.377068129148798,5.0,251.0,86.0,7.824894803182843,4.0,3.101987008191529,No,Yes
2024-08-05,7.949172799159427,1.0,337.0,18.0,4.759458819594929,10.0,2.0843987590252464,Yes,Yes
2024-08-06,10.406039286706594,,103.0,53.0,5.032258590490042,,3.275786775980252,Yes,No
2024-08-07,7.272799382587743,10.0,,92.0,5.115548728027026,1.0,2.1023605986369747,Yes,No
2024-08-08,7.372330879450504,2.0,248.0,119.0,3.5686599725647214,10.0,3.2526262778816104,Yes,No
2024-08-09,6.310958650689634,5.0,151.0,19.0,8.128539037892061,1.0,2.556214519948618,Yes,Yes
2024-08-10,5.725233445802813,5.0,249.0,28.0,5.822053309637456,8.0,2.0388041251418922,Yes,No
2024-08-11,8.245503724816368,,274.0,23.0,5.079181059555898,,2.975874242080279,No,Yes
2024-08-12,5.715874261136699,5.0,164.0,81.0,2.789487157698868,10.0,2.5962637009065794,Yes,No
2024-08-13,7.107349355829089,4.0,340.0,62.0,2.6761350166875104,5.0,2.778787440525528,Yes,Yes
2024-08-14,6.283513829852325,1.0,7.0,,4.382184936788463,4.0,2.650854916228876,Yes,No
2024-08-15,,3.0,283.0,104.0,3.6000164128563403,8.0,2.6435103410096494,No,
2024-08-16,7.500493157930422,1.0,4.0,,2.8651113089068962,2.0,3.0603877216607214,,Yes
2024-08-17,8.556309916386848,5.0,144.0,7.0,4.258083960856889,10.0,4.308664794172367,Yes,No
2024-08-18,,4.0,100.0,89.0,4.5671439434482215,9.0,3.3741543303846906,No,No
2024-08-19,6.595187597059943,7.0,163.0,61.0,5.2835708409205395,7.0,2.653751612198132,,Yes
2024-08-20,5.5318544263265395,5.0,373.0,28.0,3.992161057251474,7.0,2.2825751595702988,No,No
2024-08-21,,10.0,146.0,73.0,,1.0,2.3594855573986058,Yes,
2024-08-22,7.5659507395672785,4.0,63.0,16.0,,2.0,,No,No
2024-08-23,8.135482924968027,2.0,90.0,65.0,7.425945458452375,4.0,2.9651804797872514,,No
2024-08-24,5.616752013733562,4.0,116.0,,2.4964846272765153,4.0,,No,Yes
2024-08-25,8.30440888015849,2.0,353.0,57.0,5.72636459658254,3.0,2.2392819815655156,Yes,No
2024-08-26,9.033456788207427,8.0,266.0,68.0,,7.0,,Yes,No
2024-08-27,7.620152354835551,3.0,309.0,27.0,4.757449048328662,8.0,2.333872287342432,,Yes
2024-08-28,9.815193718837099,9.0,172.0,61.0,8.535658116810357,2.0,2.155398406629523,No,
2024-08-29,5.839316201344641,4.0,46.0,40.0,6.003437986055398,4.0,1.6617635197260499,No,
2024-08-30,5.133017945032874,6.0,139.0,68.0,8.685806096609301,,3.343728712613368,Yes,
2024-08-31,4.331919626643582,10.0,245.0,81.0,3.6978719961702553,2.0,1.9167446941829849,No,No
2024-09-01,9.244066467233775,5.0,148.0,89.0,3.732109180213163,6.0,,,No
2024-09-02,7.9815484845310865,10.0,245.0,83.0,6.05507431736003,,1.245789406116297,Yes,
2024-09-03,6.916622993634317,1.0,394.0,40.0,,6.0,2.48609726653447,Yes,Yes
2024-09-04,7.419952939479731,9.0,4.0,48.0,8.371330849784036,,2.2666935795469088,Yes,Yes
2024-09-05,,1.0,183.0,90.0,5.683400767261874,4.0,2.627300541877889,No,Yes
,10.66862796942524,8.0,19.0,48.0,2.9108515602865688,6.0,1.6777578261296986,No,Yes
2024-09-07,7.193831772962842,9.0,45.0,75.0,1.5263671829119487,5.0,,No,Yes
2024-09-08,7.164092191907339,,11.0,70.0,4.843522815313471,3.0,,Yes,No
2024-09-09,8.088649935848037,1.0,69.0,2.0,,8.0,2.435475750012316,No,No
2024-09-10,7.7215138476050695,2.0,16.0,9.0,5.627531846616775,7.0,2.5808417981977088,,Yes
2024-09-11,7.335826036418697,1.0,370.0,97.0,7.421381147511806,3.0,2.5404418046942596,Yes,No
2024-09-12,,10.0,,88.0,7.158226607987855,,2.6104284098121875,Yes,No
2024-09-13,7.707202535703994,2.0,153.0,34.0,3.8421979353271345,4.0,,Yes,No
2024-09-14,9.82303674471255,10.0,303.0,79.0,2.4123611963911573,5.0,3.4272890934811353,Yes,
2024-09-15,9.018130069232466,8.0,,,2.531757729981859,5.0,2.3910744501809416,Yes,Yes
2024-09-16,9.389779939959094,5.0,235.0,23.0,3.526396589357243,,1.8225101554022705,No,No
2024-09-17,6.233176485353223,7.0,307.0,73.0,4.266536903921962,5.0,2.8925020976049294,No,No
2024-09-18,5.5155927696121285,2.0,351.0,37.0,5.610124277930334,3.0,2.303832430679066,No,Yes
2024-09-19,6.8113196198505275,8.0,69.0,21.0,3.3980648062080405,10.0,3.3852337981355256,No,Yes
2024-09-20,7.083587368433042,6.0,182.0,25.0,5.560783942226629,5.0,2.0786233699395122,Yes,
2024-09-21,8.641287277706423,8.0,,,5.724080291718104,7.0,1.8993923779570534,,Yes
2024-09-22,4.461303055427771,1.0,227.0,54.0,5.286687765191779,5.0,2.6006556256668736,No,No
2024-09-23,9.29432547919092,1.0,101.0,38.0,2.74275400597461,5.0,1.2817075461341054,No,Yes
2024-09-24,6.762988152131516,7.0,,90.0,5.935653450471916,9.0,2.172799900369202,No,No
2024-09-25,6.35967839507887,,215.0,28.0,9.162539257533446,3.0,2.269111596374156,,No
2024-09-26,5.481843437109749,,398.0,,5.491793653825809,6.0,2.6543306245408775,No,Yes
,4.517714992201346,5.0,202.0,101.0,,1.0,1.8026095326108607,No,Yes
2024-09-28,8.234755875942872,1.0,191.0,19.0,7.481759144093806,10.0,1.884349669412434,No,Yes
,7.109976950782606,7.0,248.0,90.0,3.594504446601227,5.0,3.30983958348748,,Yes
,5.065058650388419,5.0,241.0,40.0,9.531425380991385,8.0,2.4905769817900434,Yes,Yes
2024-10-01,5.057381841904576,8.0,178.0,53.0,5.232726902731921,5.0,3.1052460287320724,Yes,Yes
2024-10-02,,8.0,218.0,19.0,1.6305986120283489,9.0,2.120748819031576,Yes,No
2024-10-03,9.503532287934089,9.0,81.0,107.0,0.8706050200824951,6.0,2.461884326305387,Yes,No
2024-10-04,6.610612972954593,7.0,91.0,18.0,8.079481525351756,8.0,2.6501740989204494,No,No
2024-10-05,4.7452855703228405,1.0,174.0,,7.211809971834545,,3.7232884353362845,Yes,No
2024-10-06,6.631385403871084,3.0,238.0,98.0,9.45203777153338,,2.347667273879963,No,Yes
2024-10-07,6.590914645378494,8.0,259.0,110.0,5.021848971147111,3.0,2.3836117743957352,,Yes
2024-10-08,2.9546700355876423,3.0,390.0,,4.886940233240639,7.0,3.2687071194157165,,No
2024-10-09,6.918557700223282,8.0,364.0,,4.234562415682885,7.0,2.234131993060439,No,No
2024-10-10,6.653598204686983,1.0,162.0,52.0,3.6834195174815587,10.0,2.6992404341709277,,No
2024-10-11,8.044309547220127,5.0,47.0,33.0,,6.0,3.207671444493322,Yes,Yes
2024-10-12,9.773434142418019,4.0,328.0,21.0,5.434926664648059,7.0,2.0969106898107417,No,Yes
2024-10-13,8.689847544321637,5.0,327.0,66.0,3.3121984261757964,2.0,2.7383237125385596,No,Yes
2024-10-14,6.596666964167754,8.0,115.0,5.0,1.6614213062520329,9.0,3.7218854971015087,No,No
2024-10-15,5.340211136887494,10.0,,78.0,5.3197532680283555,,3.144922634186707,Yes,No
2024-10-16,10.86003970487479,4.0,336.0,26.0,3.267608802613136,10.0,2.699453148779368,Yes,Yes
2024-10-17,7.088827651021733,,,9.0,-1.478875449880138,1.0,,No,Yes
2024-10-18,7.0208939378694195,3.0,224.0,72.0,6.105134781314022,1.0,2.0769772031076132,Yes,No
2024-10-19,6.963812369334995,7.0,351.0,96.0,2.7838819237659433,3.0,1.8082698537349349,No,
2024-10-20,,,327.0,,6.323578909381469,3.0,3.5567367719759746,Yes,
,6.783459382114087,3.0,146.0,47.0,,1.0,3.420829731759,Yes,No
2024-10-22,6.139506989679646,10.0,62.0,69.0,5.567180023045665,7.0,2.0400198657215958,Yes,Yes
2024-10-23,6.179711588139412,5.0,293.0,104.0,9.993635680712991,,2.7363808986546974,Yes,Yes
2024-10-24,6.950870094676002,5.0,322.0,58.0,4.723896300055245,10.0,2.5779285489544175,Yes,No
2024-10-25,6.184862843299353,6.0,324.0,99.0,4.428720865002823,2.0,3.3290908229268514,,No
2024-10-26,5.930731325984254,8.0,12.0,58.0,6.367344842833834,10.0,2.767960838810945,No,No
2024-10-27,7.159645341537845,10.0,188.0,1.0,4.8891052757724145,5.0,2.4840268674887565,Yes,Yes
2024-10-28,6.617534173868717,6.0,286.0,,7.320987074788018,6.0,2.1208200783930238,No,No
2024-10-29,9.255989482874032,,207.0,,2.4623881848489555,,2.7386074915880787,No,No
2024-10-30,3.023545287410482,8.0,113.0,64.0,2.49565110507132,4.0,2.256272200326166,Yes,Yes
2024-10-31,8.637260277883692,8.0,,82.0,6.531618982652435,2.0,2.654479461590889,No,Yes
,8.869127788746443,9.0,,25.0,2.670378121322793,5.0,2.44682024437918,Yes,No
2024-11-02,3.889914651387776,9.0,213.0,88.0,6.218197212885428,3.0,2.2392556840908973,,
2024-11-03,6.485968608879476,2.0,170.0,9.0,5.740005692420731,2.0,1.8190814584577266,,Yes
2024-11-04,6.442838701006313,,322.0,52.0,3.611023427944674,1.0,2.8599366769231107,No,Yes
2024-11-05,,3.0,53.0,78.0,,10.0,,No,No
2024-11-06,5.833274968613687,1.0,393.0,58.0,2.530815108431521,,3.7511945988264994,No,No
,5.334136231801256,4.0,297.0,,3.000200147472599,6.0,1.7773586131356738,,Yes
2024-11-08,9.628405665135434,4.0,319.0,50.0,4.5256245231758685,8.0,2.9377087345630937,,Yes
2024-11-09,8.403517589721192,9.0,125.0,47.0,,3.0,2.442147472381351,Yes,Yes
2024-11-10,8.907332642491237,,276.0,20.0,4.392722926024285,9.0,3.9698308788285903,Yes,No
2024-11-11,8.082508096064853,9.0,203.0,119.0,,9.0,2.8842803419430267,Yes,Yes
2024-11-12,5.306422343174156,10.0,193.0,21.0,5.776932830096582,2.0,2.727282007144559,Yes,Yes
2024-11-13,6.21321960058034,7.0,168.0,99.0,8.058733616696289,8.0,2.4439282955183264,No,No
2024-11-14,,2.0,151.0,97.0,4.809429305709991,10.0,2.0078152617340663,No,Yes
2024-11-15,5.166808286662082,10.0,34.0,29.0,7.389126862368258,5.0,2.717974954848651,No,No
2024-11-16,8.069497645258583,5.0,183.0,24.0,6.841451025787786,4.0,1.5323881736042668,Yes,
2024-11-17,6.639511902762798,4.0,285.0,108.0,9.587954566586296,10.0,1.5646011379905205,Yes,
2024-11-18,6.437768788675604,8.0,56.0,27.0,4.745483960195451,5.0,3.2087069057806468,Yes,Yes
2024-11-19,8.066439952305238,2.0,221.0,64.0,4.1592825570940235,4.0,1.2665131026691545,No,Yes
2024-11-20,7.66639496722906,6.0,302.0,112.0,7.515388444487466,8.0,2.276298509196414,Yes,No
2024-11-21,6.45855075127138,5.0,162.0,44.0,5.770865143482524,4.0,1.765611456118729,No,Yes
2024-11-22,8.738994705046371,2.0,18.0,67.0,,10.0,,Yes,No
,5.378405008600154,10.0,369.0,6.0,6.433597595979,6.0,2.629181711637542,No,Yes
2024-11-24,7.923903410416395,1.0,263.0,48.0,0.7864758172010085,2.0,3.1891887036749207,Yes,No
2024-11-25,7.889651886952576,8.0,281.0,8.0,,5.0,3.3523435128129044,No,
2024-11-26,,2.0,112.0,35.0,5.622431795902979,6.0,1.8567327465888246,Yes,Yes
,7.489199533363177,7.0,,82.0,5.266213804927926,5.0,2.173826644361265,,Yes
2024-11-28,5.123329635422046,,29.0,0.0,4.735513891753234,2.0,5.336785085548369,No,Yes
2024-11-29,8.386040528810351,9.0,134.0,9.0,1.8157129444113442,7.0,2.3249897198452465,No,Yes
2024-11-30,6.722646795335517,8.0,66.0,35.0,6.748353834476646,4.0,1.8824524428028666,Yes,No
2024-12-01,6.215915469221441,10.0,64.0,72.0,5.747536856186989,8.0,1.998939466080993,No,No
2024-12-02,8.573513838755334,9.0,291.0,108.0,7.203913394794848,7.0,2.3291020585834685,Yes,Yes
2024-12-03,5.943484464185861,2.0,24.0,45.0,1.9224889514494938,7.0,2.2250838460480784,No,Yes
2024-12-04,4.88730805545466,6.0,36.0,105.0,6.014268979090537,9.0,2.3359409137635914,Yes,No
2024-12-05,4.665056239714144,4.0,,31.0,4.530681324906874,1.0,2.485001412391405,No,Yes
,,4.0,398.0,31.0,5.287576019851059,,2.4801144963947848,Yes,Yes
2024-12-07,5.079355971255575,5.0,36.0,5.0,4.553680731638218,6.0,,Yes,Yes
2024-12-08,9.632191272976547,3.0,140.0,47.0,6.0872158549602595,6.0,2.758531714809292,Yes,Yes
2024-12-09,3.877105888174417,1.0,231.0,37.0,4.674253758016841,6.0,2.5847328649164787,No,No
2024-12-10,9.544684552435058,8.0,135.0,,2.8961701498886216,6.0,,Yes,No
2024-12-11,,5.0,388.0,73.0,5.1728508375723825,10.0,1.2998821623923902,No,Yes
2024-12-12,6.854930332194411,3.0,187.0,113.0,4.571650925728999,,2.6097909705840348,No,No
2024-12-13,,10.0,127.0,26.0,4.833212757742233,10.0,1.1100825788685886,No,Yes
,7.598704171528106,7.0,200.0,53.0,-1.3756229520802865,6.0,,Yes,Yes
,6.943547946362727,7.0,126.0,49.0,6.365272167137411,1.0,2.960555404927153,No,Yes
2024-12-16,8.654952823024782,1.0,256.0,34.0,4.370672765306439,3.0,3.2320454061216557,No,
2024-12-17,7.17134147299306,9.0,163.0,115.0,2.3036928519634685,2.0,2.7341220448679033,,No
2024-12-18,,2.0,34.0,84.0,6.845127033696284,6.0,2.9727735147050924,Yes,No
2024-12-19,6.454581681679216,5.0,193.0,24.0,6.272731455505861,,2.2906965265422783,No,No
2024-12-20,6.914581564418399,5.0,190.0,27.0,4.345359607450288,3.0,2.1435825610525265,No,No
2024-12-21,7.461702653338088,8.0,103.0,110.0,2.6956612409599625,10.0,4.384930713766608,No,Yes
2024-12-22,4.434747411015062,8.0,22.0,14.0,5.356061469358744,8.0,3.0790122183056474,,Yes
2024-12-23,4.9777218668414305,7.0,264.0,3.0,5.246212169175219,8.0,1.6789113039742247,Yes,No
2024-12-24,8.114896141034073,,289.0,92.0,6.848668565983564,5.0,1.2857352549269065,Yes,
2024-12-25,7.256298157191913,6.0,383.0,72.0,4.112528970279019,8.0,2.1744513856554972,,No
2024-12-26,6.724024995470981,,259.0,26.0,7.389844269729992,6.0,3.3343079544160656,No,Yes
2024-12-27,7.02765089959809,9.0,357.0,25.0,3.9194939933284654,5.0,2.5341174078201374,No,No
2024-12-28,7.521372558042507,6.0,74.0,18.0,2.308336430915156,9.0,0.9431861243471003,No,Yes
2024-12-29,,,354.0,119.0,,,2.3758946037670645,Yes,Yes
2024-12-30,5.832542911896531,2.0,71.0,91.0,4.875176921728769,8.0,2.498318914826014,Yes,No
,7.293767882646522,5.0,258.0,16.0,4.868970981882535,,0.8090328343741637,,Yes
2025-01-01,5.532440833577452,4.0,397.0,,5.655722281501552,2.0,2.516916306435133,Yes,Yes
2025-01-02,7.612379133571707,2.0,187.0,40.0,4.819251937763117,8.0,1.7906423946860732,No,No
2025-01-03,4.44612459364324,3.0,172.0,41.0,6.954637032128659,9.0,,No,Yes
2025-01-04,8.543733455988466,7.0,289.0,49.0,4.4778118030748475,4.0,3.623155306115781,Yes,No
2025-01-05,7.708896223619565,8.0,44.0,83.0,1.0074474702571679,10.0,1.7596784594505506,Yes,Yes
,,,,108.0,4.757806623068412,10.0,2.032900685180603,,No
2025-01-07,,5.0,82.0,39.0,0.9864426244670375,9.0,2.0235919797533253,,No
2025-01-08,9.498211666693866,,122.0,38.0,,4.0,2.501567125647012,No,
2025-01-09,8.521555097527196,8.0,357.0,112.0,7.114385997969832,10.0,3.7364174249391118,No,
2025-01-10,4.238688653002532,3.0,15.0,116.0,3.0275510274349617,10.0,1.6626691908348479,No,Yes
2025-01-11,5.080634549896448,6.0,65.0,22.0,7.837113372783701,,2.2852375398859834,Yes,
2025-01-12,6.062772133456482,3.0,,110.0,6.685662489456862,9.0,2.584603315318479,,No
2025-01-13,7.039136575316251,7.0,374.0,95.0,7.412960310830109,7.0,1.891845776988346,No,
2025-01-14,7.776488530703684,7.0,161.0,51.0,5.379127712869262,2.0,2.2739795167949755,No,No
2025-01-15,5.911384280269802,,233.0,46.0,3.014469648496359,,2.91614986472469,Yes,Yes
2025-01-16,7.280150146715617,5.0,379.0,62.0,6.561630855628275,,1.9710065093054552,No,Yes
,5.866925601470016,8.0,143.0,96.0,3.75079818646332,8.0,2.2629502438888744,Yes,No
2025-01-18,6.082723295512078,10.0,357.0,109.0,5.235769012206711,7.0,2.1980522511564997,Yes,Yes
2025-01-19,4.890008354727667,10.0,187.0,68.0,4.6572980143927625,7.0,2.427335323205964,Yes,Yes
2025-01-20,,8.0,321.0,42.0,7.249391713593791,8.0,2.6702062002362696,,Yes
2025-01-21,4.9724730915755,1.0,12.0,,6.460654011846659,,2.910592537674815,No,Yes
2025-01-22,5.536190120534001,5.0,183.0,33.0,,5.0,3.8562880113736364,No,Yes
2025-01-23,8.580462694911759,3.0,110.0,39.0,1.0967856129196942,,0.6390664977020519,Yes,Yes
2025-01-24,5.5759016667520855,1.0,289.0,74.0,3.729545066941598,,2.382826062556191,No,Yes
2025-01-25,10.948573097256087,4.0,294.0,60.0,6.408444578968834,1.0,1.544894749430465,No,Yes
2025-01-26,7.739976851321334,8.0,391.0,49.0,5.560220522093169,5.0,2.230240999544367,No,No
,7.2772541855423105,3.0,214.0,66.0,1.993556131174277,2.0,3.1166071314858543,No,Yes
2025-01-28,5.7124633297281795,10.0,119.0,61.0,1.3868240550622217,4.0,3.3384547654996646,Yes,Yes
2025-01-29,8.050464819113486,2.0,381.0,57.0,5.391018300314913,3.0,3.371300203772886,No,
2025-01-30,6.136543260643339,9.0,54.0,32.0,2.885885664568448,3.0,3.3647047603952966,Yes,No
2025-01-31,7.183014721968042,10.0,26.0,,3.078407078324846,2.0,2.3782454498657004,Yes,No
2025-02-01,10.840126807403191,,,15.0,6.345215457565308,6.0,3.478971192295014,No,Yes
2025-02-02,6.855910150413025,7.0,220.0,81.0,7.404477560831348,2.0,3.61779485622409,Yes,No
2025-02-03,8.723909989428513,2.0,,93.0,3.498595945927403,8.0,2.597160318179057,No,No
2025-02-04,5.945235362311169,9.0,52.0,47.0,4.910479384775653,8.0,,No,Yes
2025-02-05,6.947517264254557,9.0,294.0,118.0,,5.0,2.5288659129616047,Yes,
2025-02-06,,4.0,,9.0,4.671591790606967,10.0,,No,No
2025-02-07,6.059549413318349,4.0,232.0,81.0,,7.0,2.3868357338455093,Yes,No
2025-02-08,9.718672836995394,6.0,157.0,37.0,6.512997855680313,4.0,2.0733356628147708,Yes,Yes
2025-02-09,8.061627903183213,10.0,268.0,18.0,3.652151306540809,1.0,1.7160059988098686,No,Yes
2025-02-10,,10.0,20.0,35.0,1.949444930967867,2.0,2.3784596767336446,No,Yes
2025-02-11,7.948611608583281,,52.0,58.0,8.38001986720752,10.0,2.5590717360298116,No,Yes
2025-02-12,8.458831674440095,6.0,274.0,62.0,7.178843848980101,10.0,1.8379031370368324,Yes,
2025-02-13,7.932714943325795,1.0,312.0,76.0,2.792724257501204,4.0,2.324924078703039,No,No
2025-02-14,4.644662920164315,9.0,280.0,,5.271264017551907,1.0,2.1314154834054637,Yes,Yes
2025-02-15,5.9092942362626975,2.0,213.0,45.0,7.021404329172221,8.0,1.7461171175686439,Yes,Yes
2025-02-16,6.628722046672743,,30.0,2.0,6.498087889052078,9.0,3.2251192630875085,No,
2025-02-17,6.88834985634993,9.0,336.0,73.0,5.924026619858569,4.0,3.348332522174049,No,
2025-02-18,7.9310081463260165,4.0,182.0,101.0,4.659546216816512,,3.222002874804616,No,Yes
2025-02-19,7.2665515013998805,3.0,22.0,64.0,8.454607850123915,3.0,2.4410909465649504,Yes,No
2025-02-20,4.996983461934848,7.0,31.0,,5.44171774491892,2.0,2.4843320362256893,No,Yes
2025-02-21,7.570296776508945,6.0,73.0,119.0,3.970081481358619,5.0,1.755778650982455,Yes,No
2025-02-22,7.915878617925735,8.0,9.0,,6.7421514576911905,,2.7902430266689366,No,Yes
,7.83968567189656,3.0,53.0,109.0,5.19211728390284,,,No,No
2025-02-24,8.621171088331932,5.0,51.0,7.0,5.699595454507245,7.0,4.490763177567976,Yes,No
2025-02-25,8.250883231823355,10.0,147.0,,5.406298403182415,6.0,3.26097165341102,Yes,Yes
2025-02-26,7.688770118842655,4.0,,109.0,5.99355114753382,1.0,2.720671448599598,No,Yes
2025-02-27,6.894751432812029,4.0,369.0,105.0,3.043087493201586,8.0,2.4708734823046727,,Yes
2025-02-28,4.508558599726013,4.0,13.0,80.0,2.0977872256599834,2.0,3.200914575954058,No,Yes
2025-03-01,7.644427328698879,,177.0,72.0,7.868265446467168,5.0,1.8589829307336347,No,
2025-03-02,7.311531530744666,8.0,365.0,5.0,5.499169123578339,9.0,3.297746468409822,No,No
2025-03-03,7.4073682557930605,6.0,52.0,,6.541694554817157,8.0,1.7389995498338906,Yes,Yes
2025-03-04,5.084877136269536,,334.0,88.0,1.4804815596447476,2.0,2.106933299949688,Yes,Yes
2025-03-05,5.378415189387606,10.0,21.0,38.0,,9.0,1.2132743504168786,Yes,No
2025-03-06,,5.0,29.0,112.0,3.9570287092884646,5.0,2.9298533561343643,Yes,
2025-03-07,6.940667269215018,6.0,190.0,59.0,3.387563666381911,10.0,2.6749503183842327,No,No
2025-03-08,8.022251046058937,5.0,259.0,27.0,4.873253664736027,6.0,2.1069618826637835,Yes,Yes
2025-03-09,,6.0,204.0,,3.0440395789149504,3.0,,Yes,No
2025-03-10,7.044634209243617,8.0,58.0,,4.996536603548786,3.0,3.465105558690047,Yes,Yes
2025-03-11,8.407425708963997,7.0,263.0,36.0,4.727323305971027,10.0,2.406477243677781,No,No
2025-03-12,6.225932907673939,5.0,11.0,8.0,7.120791810467765,8.0,1.962893237835597,Yes,No
2025-03-13,7.144181165411475,10.0,,81.0,8.02668900427894,10.0,3.845353074532617,No,Yes
2025-03-14,6.306587066942436,6.0,289.0,55.0,,10.0,2.0400559566008014,Yes,Yes
2025-03-15,6.348255658851526,4.0,337.0,58.0,0.4709700412077673,2.0,3.29703195001765,No,
2025-03-16,6.536241814797041,,247.0,84.0,3.1296663403134297,2.0,1.6943066051925986,Yes,No
2025-03-17,7.333200657450569,4.0,353.0,1.0,0.4502264723552756,5.0,2.251537638855119,,No
2025-03-18,6.281877067504784,1.0,,60.0,2.6129154511299384,6.0,2.8516038577676706,Yes,No
2025-03-19,8.883634188360281,7.0,74.0,,3.7009635781923373,2.0,2.4595141352771823,No,Yes
2025-03-20,5.658089046670744,7.0,360.0,106.0,5.821123230453887,5.0,2.670634115059137,No,Yes
2025-03-21,6.719692533757962,4.0,203.0,59.0,3.960133531014919,7.0,2.122815607783197,Yes,No
,6.340403412588738,3.0,48.0,101.0,4.015859858102709,10.0,1.3815426936702841,No,Yes
2025-03-23,9.1704668265306,8.0,78.0,39.0,5.3635293663995265,10.0,3.5259034690552973,No,No
2025-03-24,7.294832164767362,5.0,240.0,35.0,1.5813807095843782,8.0,2.1655201358381517,Yes,Yes
2025-03-25,8.547766809202953,10.0,348.0,113.0,3.3228136940722726,7.0,2.7023087188726373,Yes,Yes
,4.771659440444542,7.0,153.0,106.0,3.9928867483652546,8.0,2.991370244142628,No,No
2025-03-27,7.4005753988038885,4.0,273.0,36.0,4.595196022737312,9.0,,Yes,Yes
2025-03-28,8.334446193435156,4.0,95.0,78.0,5.15390798045109,5.0,2.0039861131432493,Yes,Yes
2025-03-29,7.123425983913136,8.0,213.0,91.0,8.001299579466084,5.0,3.3118354733662403,Yes,Yes
2025-03-30,8.598220562598026,8.0,293.0,17.0,6.816672322162189,10.0,2.859575422517408,No,Yes
,6.224067324849441,2.0,208.0,97.0,3.4613799510161307,4.0,2.63914155524166,No,Yes
,9.11402116027837,2.0,342.0,62.0,4.477341881097065,9.0,2.6229093625101227,No,No
2025-04-02,10.448347185428876,3.0,87.0,21.0,4.3411217258157535,5.0,3.67758364097994,No,Yes
2025-04-03,,3.0,305.0,10.0,3.9716949669585127,2.0,1.9889564465227956,No,No
2025-04-04,,1.0,263.0,57.0,5.545031651641819,10.0,2.790679079857423,,Yes
2025-04-05,9.180076715676552,3.0,389.0,,1.2804408940581835,8.0,,No,Yes
2025-04-06,9.36935821859607,6.0,324.0,76.0,6.761428776012968,7.0,1.1445859355619978,,No
2025-04-07,6.2157099592700975,8.0,376.0,3.0,8.387101581430711,8.0,1.1260858325959835,No,No
2025-04-08,6.369719774356215,,319.0,85.0,4.460318918656366,3.0,1.7897545375163006,No,
2025-04-09,6.577323086709239,6.0,156.0,6.0,4.421271149764342,4.0,2.0390897837913933,Yes,Yes
2025-04-10,4.9833242334485846,5.0,155.0,,5.3140884944173425,5.0,4.021064824552605,Yes,No
2025-04-11,5.622022080273703,4.0,138.0,106.0,7.0387719539204205,6.0,2.988871904014262,Yes,No
2025-04-12,5.493788849871898,3.0,120.0,53.0,4.351412566365515,1.0,3.051840114601594,No,No
,5.848303652343807,4.0,64.0,87.0,6.867890332203473,4.0,2.0540450456247505,Yes,
2025-04-14,6.947972668919828,,106.0,,5.976989344906485,,2.5429290186636138,No,Yes
2025-04-15,7.351322098804781,,,91.0,9.723222888009381,5.0,4.114307089322351,No,Yes
2025-04-16,9.325750739221116,7.0,,78.0,,7.0,1.6499076283557046,No,Yes
2025-04-17,5.5024689388918135,1.0,161.0,,,5.0,2.81936715815712,Yes,Yes
2025-04-18,,,99.0,54.0,2.134121758628972,,3.627907036837184,Yes,Yes
2025-04-19,6.6790167336617365,4.0,337.0,2.0,5.023856474800314,7.0,,No,No
2025-04-20,6.925804435521351,1.0,,77.0,7.055764188041503,8.0,3.7610777297476634,No,
,8.012229238249905,9.0,306.0,37.0,3.6949817191585526,7.0,2.6490056795689902,No,No
2025-04-22,5.315916967656552,6.0,140.0,113.0,4.53813510024934,4.0,2.9224171176309683,Yes,
2025-04-23,7.573614619276076,1.0,82.0,0.0,6.369685474663151,8.0,2.576842070753261,No,
2025-04-24,7.249678312319584,1.0,,,3.069534798243085,5.0,2.8733418913977067,Yes,Yes
2025-04-25,7.738676896012223,6.0,197.0,37.0,,10.0,1.8593555113876041,No,Yes
2025-04-26,7.433752965861727,4.0,111.0,84.0,2.6645466247794785,9.0,3.0546438862605774,Yes,Yes
2025-04-27,10.682950209866341,4.0,55.0,111.0,,10.0,2.7059738189369393,No,No
2025-04-28,6.043390023623026,6.0,178.0,28.0,8.083345623592734,5.0,2.5438615563781832,Yes,Yes
2025-04-29,6.203504567497274,7.0,185.0,4.0,1.8411700210138795,1.0,3.7224741464710975,Yes,Yes
2025-04-30,6.065289210362853,,217.0,112.0,,9.0,2.314230220626658,Yes,No
2025-05-01,6.166784321259618,10.0,315.0,73.0,7.81451795012989,5.0,3.3454754242343028,Yes,Yes
2025-05-02,6.0439193090402235,5.0,216.0,91.0,5.797390367244476,6.0,3.415095017969829,Yes,No
2025-05-03,8.783524796661327,9.0,119.0,,,4.0,3.098881069209824,Yes,Yes
2025-05-04,9.130756371984782,4.0,393.0,113.0,1.9076757607782024,6.0,1.8244302304843947,No,No
2025-05-05,6.143880559375786,10.0,174.0,70.0,7.305889103645729,8.0,2.7513548081402086,No,
2025-05-06,,2.0,22.0,,5.7210304298889945,3.0,3.8709320107920497,No,Yes
,7.707123334579606,3.0,212.0,108.0,2.054027224516489,5.0,1.2270125257193074,No,No
2025-05-08,6.171665433578543,1.0,,46.0,7.379782107749982,2.0,2.368639053992659,Yes,Yes
2025-05-09,7.949397726633266,6.0,12.0,83.0,1.7991928764842604,2.0,3.31361596376774,No,No
,7.304384531276949,6.0,100.0,82.0,4.559027691665177,7.0,2.4192755801486534,Yes,Yes
2025-05-11,4.7263838275041525,1.0,23.0,34.0,4.470770593255741,10.0,3.066921471881711,Yes,No
,9.321257801995092,3.0,,67.0,8.236762657695671,10.0,3.4864337200193862,Yes,Yes
2025-05-13,9.693816509643282,5.0,10.0,68.0,4.477907616239695,10.0,2.6624043982041616,No,Yes
2025-05-14,6.080816964273421,3.0,272.0,0.0,4.47071462739855,6.0,,Yes,Yes
,6.418447660096024,10.0,280.0,67.0,2.2738433102046125,4.0,2.5643096535061405,No,No
2025-05-16,7.428798086087357,3.0,,11.0,3.7192046418827887,5.0,2.7084641173792217,,No
2025-05-17,7.501685184980538,10.0,200.0,59.0,3.365409078238715,,3.9718217044273896,No,
2025-05-18,7.987816409009246,3.0,20.0,,3.4695552679906143,7.0,2.455236055123547,No,No
2025-05-19,10.015306808149525,5.0,339.0,55.0,5.012569049783746,8.0,2.2527921734380936,No,No
2025-05-20,6.734579158758926,5.0,,105.0,0.13164722831481512,9.0,3.2292279603138336,Yes,Yes
2025-05-21,5.802554133192319,4.0,139.0,22.0,1.9795395091662047,8.0,1.9099543674307449,Yes,Yes
2025-05-22,4.9310211579782095,1.0,292.0,24.0,4.777962252785691,5.0,2.0696949799143316,,
2025-05-23,5.9036049400871216,5.0,297.0,20.0,5.242509366207863,3.0,2.0741582942331642,Yes,Yes
2025-05-24,,10.0,100.0,60.0,4.533134402712209,,2.3208878342793717,No,Yes
2025-05-25,9.691836795276682,5.0,303.0,62.0,4.918411020430078,9.0,2.351460374590959,,No
2025-05-26,6.223583051445743,,358.0,51.0,4.181766772689497,6.0,2.989369712765855,Yes,Yes
2025-05-27,7.335681927458348,6.0,27.0,87.0,4.9629907935406745,5.0,2.260346855318926,Yes,No
2025-05-28,6.975365655890872,10.0,,24.0,5.868284440524432,3.0,3.017624428464631,Yes,Yes
,8.782589910172126,4.0,,108.0,5.854267457375322,6.0,3.104926493389248,Yes,No
,10.790398638810434,7.0,302.0,54.0,,3.0,,Yes,No
2025-05-31,6.203696840619519,7.0,145.0,45.0,6.830189479165901,10.0,3.0898942130889155,Yes,No
2025-06-01,6.265840836222667,2.0,255.0,31.0,5.314217389006639,,3.1533929380708017,Yes,Yes
,8.566241315603609,3.0,226.0,54.0,7.464427912679538,4.0,1.2673444943583991,,Yes
2025-06-03,8.022837234439468,1.0,235.0,95.0,7.8657448625341635,2.0,2.7054366670117767,Yes,Yes
2025-06-04,,,360.0,4.0,2.114546557253508,8.0,2.1455143241893606,Yes,Yes
,7.875892277988946,9.0,379.0,35.0,3.281944922262582,,3.41214548623271,Yes,No
2025-06-06,6.461061863819411,4.0,12.0,109.0,6.627096079941101,9.0,2.138375670308506,Yes,No
2025-06-07,7.885982246038464,,209.0,105.0,1.670215159742105,,1.5623617912825312,No,No
2025-06-08,8.663055370874362,9.0,228.0,48.0,7.840353925386747,,2.479128228331821,Yes,No
2025-06-09,8.230723271796046,6.0,396.0,105.0,,4.0,1.8721193871306174,Yes,Yes
2025-06-10,7.760911046660946,9.0,99.0,57.0,6.1500660702180365,5.0,3.0947096851765217,Yes,No
2025-06-11,8.600012034383731,4.0,30.0,38.0,4.767218674278447,3.0,1.933971250782749,Yes,Yes
2025-06-12,8.75394338566851,8.0,385.0,,2.215220944432626,9.0,2.487745485568206,Yes,No
2025-06-13,9.07323848655629,9.0,,96.0,7.11108920426395,5.0,3.582067299014915,Yes,No
2025-06-14,7.973064831384464,4.0,136.0,112.0,10.50144606107466,,,No,No
2025-06-15,6.749322879524718,5.0,328.0,84.0,,3.0,,No,Yes
2025-06-16,7.220070529649984,8.0,165.0,60.0,4.355282898309515,9.0,2.4106956012134075,No,Yes
2025-06-17,8.809763449762535,10.0,309.0,8.0,-0.29819908653411886,7.0,2.7680275193477617,Yes,No
2025-06-18,,6.0,99.0,5.0,7.703005806912242,2.0,2.982288766907538,Yes,No
2025-06-19,,,108.0,114.0,6.823530645684006,9.0,1.809378345749158,Yes,No
2025-06-20,,3.0,342.0,108.0,1.5332322758901715,4.0,3.0959360707466876,,Yes
2025-06-21,7.043117234402226,,172.0,34.0,0.8702290759062272,9.0,1.7288141632100436,Yes,Yes
2025-06-22,8.917677793910947,8.0,236.0,,1.1015374336694697,2.0,2.9007163545085937,Yes,Yes
2025-06-23,7.286648602029855,10.0,161.0,21.0,6.290338250745636,10.0,1.7251767168152514,No,No
2025-06-24,7.069654822234223,6.0,392.0,40.0,,4.0,3.87395737035943,No,Yes
2025-06-25,4.960215788530121,10.0,215.0,,,5.0,3.034339137455927,Yes,No
2025-06-26,8.119380349040831,9.0,263.0,4.0,5.998520062765596,2.0,1.410782304849832,Yes,Yes
2025-06-27,7.968226271711613,6.0,,41.0,5.317754241982305,10.0,2.499351361638893,Yes,No
2025-06-28,10.24488208495819,9.0,291.0,86.0,4.265460586291563,1.0,,Yes,No
2025-06-29,6.538332647570499,4.0,273.0,80.0,6.9403936533706,7.0,2.052191149153045,No,Yes
2025-06-30,7.328725491495908,8.0,2.0,75.0,2.590128797543923,10.0,2.6029724685278928,Yes,No
2025-07-01,7.374075525566133,4.0,27.0,86.0,7.29507842718779,1.0,1.8504043752320511,,No
2025-07-02,9.366179919645212,2.0,,79.0,3.5429568919712944,8.0,3.0330260354891054,No,No
2025-07-03,6.857056701419572,10.0,,66.0,8.56307336393409,3.0,2.9932578608995395,Yes,
,7.418532288655509,9.0,27.0,29.0,2.989387953037067,10.0,2.7459973424593898,Yes,No
2025-07-05,,5.0,309.0,56.0,,6.0,,No,Yes
2025-07-06,7.279913684734537,4.0,64.0,85.0,5.1171742750847065,7.0,2.9618728001614874,No,Yes
2025-07-07,6.330349578174207,2.0,355.0,72.0,5.104637095644966,10.0,3.053969854254589,Yes,No
2025-07-08,7.291134989347461,1.0,20.0,28.0,5.981657001236191,1.0,2.818442415719177,No,Yes
2025-07-09,,7.0,251.0,110.0,2.4286351635066454,,1.5816881837738337,,No
2025-07-10,5.460227050883409,6.0,234.0,,4.92537518350673,7.0,1.9481297202916954,Yes,Yes
,7.199454511220314,2.0,226.0,86.0,5.2762634128054415,6.0,2.3123573549555214,No,No
2025-07-12,5.94981877759124,8.0,12.0,12.0,3.9445235519437465,4.0,1.4669463715052118,Yes,Yes
2025-07-13,8.792569943387264,4.0,312.0,31.0,5.808117234918836,1.0,2.656802193332071,Yes,No
2025-07-14,4.715219642824338,8.0,48.0,45.0,2.307260173024438,9.0,3.4877036451265315,Yes,No
2025-07-15,6.161617229092617,7.0,117.0,115.0,4.347092221898633,4.0,3.3761832567317147,Yes,No
2025-07-16,7.565817812596781,5.0,53.0,,3.493631751192668,7.0,3.0177383008034124,No,No
2025-07-17,9.34828604385151,10.0,137.0,111.0,4.353138140901962,7.0,3.0093983537100883,Yes,Yes
2025-07-18,6.901374608390518,10.0,52.0,22.0,7.894070919842406,2.0,,Yes,Yes
2025-07-19,6.167200709960202,8.0,43.0,44.0,7.9329114523148005,1.0,3.090704682524853,Yes,No
2025-07-20,9.821735604160885,9.0,302.0,16.0,7.5408329211624405,8.0,3.1479449807518427,Yes,Yes
2025-07-21,4.8279791493756345,5.0,52.0,118.0,4.075485439838297,8.0,,No,
2025-07-22,3.701791065069877,10.0,,103.0,6.815236553600414,7.0,3.4329731560493872,No,No
2025-07-23,7.6600216750799985,5.0,45.0,84.0,,8.0,2.7789481452138936,No,Yes
2025-07-24,6.246918663471083,2.0,12.0,65.0,5.091179407006017,3.0,2.4441509581971257,Yes,Yes
2025-07-25,5.46815077430393,5.0,164.0,,4.8452773047616615,2.0,2.270653313152233,No,No
2025-07-26,8.06253467094903,3.0,101.0,5.0,8.516835714758251,7.0,2.1159831943315286,No,Yes
2025-07-27,7.365701070656798,7.0,279.0,,7.7316772111129275,8.0,3.3797438148526266,Yes,No
2025-07-28,6.1538820538949075,10.0,,17.0,6.489792836894194,1.0,2.480148749519838,No,Yes
2025-07-29,5.079543401993659,5.0,336.0,93.0,4.659398068978747,10.0,2.1418250087908266,Yes,Yes
2025-07-30,8.308685992420218,8.0,355.0,21.0,,9.0,1.9599172366889197,No,Yes
2025-07-31,,,397.0,117.0,6.061133209075469,4.0,2.6194191561239997,No,
2025-08-01,,3.0,,32.0,3.9567821762919553,4.0,2.248273207047552,No,Yes
,9.7699554940715,3.0,162.0,29.0,,3.0,2.0885711132502416,No,No
2025-08-03,5.394872850510771,9.0,386.0,80.0,3.157509777114187,6.0,1.5324908215071709,Yes,
2025-08-04,,5.0,110.0,106.0,5.783687375994811,1.0,3.171550151653148,Yes,
2025-08-05,,9.0,101.0,31.0,0.4205689004147404,6.0,2.4033837071851636,No,No
2025-08-06,,9.0,16.0,41.0,3.89876294679574,2.0,1.7403329400831857,Yes,No
2025-08-07,7.3650091739840375,1.0,267.0,114.0,9.155354265838888,9.0,2.3101347010669815,No,No
2025-08-08,6.638145913215505,2.0,181.0,77.0,7.072382988783822,2.0,2.884392439175932,No,Yes
2025-08-09,7.528083094771445,5.0,,9.0,8.070936899869048,7.0,2.520188610122318,No,Yes
2025-08-10,5.122690863714334,4.0,23.0,110.0,3.665384665291236,1.0,2.6336956234394266,No,No
2025-08-11,9.165646906109888,10.0,28.0,114.0,,7.0,2.5297837805932164,No,No
2025-08-12,6.876773232411146,9.0,,35.0,7.563984506188609,,1.6062009564912434,No,No
2025-08-13,,7.0,227.0,33.0,6.266189869410754,8.0,3.1639559802844714,Yes,No
2025-08-14,7.5140880195665565,6.0,377.0,,6.0171317547166385,4.0,1.3042276877326473,Yes,
2025-08-15,7.685129828730676,7.0,187.0,105.0,8.261163940660126,10.0,2.8230756022280095,No,Yes
2025-08-16,7.8546509203483055,1.0,345.0,27.0,2.9190900687721437,7.0,2.930899645046811,Yes,Yes
2025-08-17,7.671562840025972,1.0,229.0,10.0,,6.0,2.346109407354572,No,
2025-08-18,7.964084139801316,8.0,320.0,77.0,1.4918288746612913,5.0,2.7473957666638897,Yes,
,8.993728795198647,2.0,339.0,38.0,2.8097878961287974,4.0,2.3060051715318455,,No
2025-08-20,7.294781754552205,10.0,118.0,118.0,7.148370784357942,7.0,2.7558466421637804,Yes,
2025-08-21,8.063505636382768,9.0,,46.0,3.165301467615753,5.0,3.195045780463233,,No
2025-08-22,6.86539645856916,7.0,271.0,117.0,6.4710485082501945,5.0,1.9455115015302646,Yes,No
2025-08-23,9.16017582317421,6.0,174.0,18.0,8.31697008393616,1.0,2.971775401266612,No,No
2025-08-24,5.985411546911095,1.0,103.0,,,2.0,3.6846786016716777,No,Yes
2025-08-25,9.701410649366224,1.0,91.0,14.0,6.039726879599625,,,No,
2025-08-26,6.939763074033485,2.0,185.0,27.0,6.48662425908584,3.0,,Yes,Yes
,4.853837346822928,6.0,282.0,23.0,2.5570098738668694,2.0,4.084262987359875,,No
2025-08-28,7.192156622366184,6.0,180.0,71.0,3.767095309397906,4.0,,Yes,Yes
2025-08-29,5.978422513787679,2.0,169.0,,2.9926775766563956,4.0,2.6620709326620142,No,No
2025-08-30,,1.0,186.0,8.0,3.9265537798339425,4.0,2.6766619466735246,No,Yes
2025-08-31,,10.0,174.0,,6.432221396162198,4.0,2.8135043293194966,,
2025-09-01,6.33072485017783,5.0,221.0,32.0,3.8096065381154167,3.0,,,No
2025-09-02,,,232.0,61.0,,7.0,2.63299360249292,Yes,No
2025-09-03,6.321540521126385,2.0,161.0,96.0,2.915076766137529,9.0,3.166528620405739,Yes,
2025-09-04,3.364181010056565,6.0,133.0,18.0,7.452844329067404,5.0,2.238619285135671,Yes,Yes
2025-09-05,4.624145764771415,9.0,390.0,66.0,,4.0,2.206004216011313,Yes,Yes
2025-09-06,8.140621984216446,2.0,223.0,73.0,8.04596110381991,2.0,2.295540867171944,No,Yes
2025-09-07,8.178700237976248,10.0,152.0,39.0,5.12185818769872,2.0,1.7315590274110724,Yes,
2025-09-08,7.6381863426774474,2.0,32.0,,2.1860008440738414,5.0,2.0220123767039024,Yes,
2025-09-09,,3.0,54.0,105.0,4.657946506908751,,1.9934940534519332,Yes,No
2025-09-10,6.92843296578703,,6.0,64.0,2.874446345067671,10.0,2.4996342334323804,Yes,No
2025-09-11,6.994596191364147,,243.0,,6.178698754756305,10.0,3.085301958994037,Yes,No
2025-09-12,5.262452966211185,8.0,312.0,49.0,4.477274435346267,9.0,3.5175998678156306,Yes,No
2025-09-13,9.255097452650727,8.0,,97.0,5.326420510054708,,2.540032032034305,Yes,Yes
2025-09-14,8.316043435863508,6.0,11.0,114.0,,5.0,2.8195288260000955,No,Yes
2025-09-15,6.668553739255504,10.0,15.0,12.0,3.889315392273349,,,No,Yes
,7.040328758491796,3.0,207.0,,3.0527559807687457,10.0,1.0345927313553391,No,Yes
2025-09-17,7.312574211921329,3.0,42.0,0.0,,10.0,1.6964763616978082,No,
2025-09-18,3.937397697363564,1.0,372.0,33.0,4.653693796400605,6.0,,Yes,Yes
2025-09-19,6.629233926219104,7.0,134.0,92.0,4.370618212603232,3.0,3.1009396203437056,No,Yes
2025-09-20,5.977023628003302,5.0,227.0,47.0,4.60357220311568,5.0,3.084925617583979,No,Yes
2025-09-21,5.497569985157627,4.0,110.0,110.0,3.642276413028451,8.0,2.375531610875628,No,No
2025-09-22,6.578349560671068,10.0,306.0,76.0,4.377297146447949,,1.103615877579318,Yes,No
2025-09-23,9.696529790274283,4.0,159.0,47.0,5.411259629386976,1.0,1.7800325100245793,No,No
,7.961264291900514,,,48.0,2.93172600188647,7.0,1.8871445080469869,No,
2025-09-25,6.143231515325805,6.0,263.0,,3.2212960138415845,5.0,2.9401380053634982,Yes,No
2025-09-26,7.858874172034238,8.0,224.0,63.0,7.756568187245348,5.0,2.249840232508383,No,No
